省,市,县
浙江省,绍兴市,上虞市
浙江省,杭州市,西湖区
浙江省,杭州市,滨江区
浙江省,温州市,乐清市
浙江省,杭州市,余杭区
浙江省,杭州市,西湖区
浙江省,金华市,金东区
浙江省,杭州市,拱墅区
浙江省,宁波市,宁海县
浙江省,绍兴市,越城区
浙江省,杭州市,西湖区
浙江省,宁波市,宁海县
浙江省,杭州市,西湖区
浙江省,杭州市,江干区
浙江省,杭州市,余杭区
浙江省,宁波市,鄞州区
浙江省,湖州市,德清县
浙江省,杭州市,滨江区
浙江省,杭州市,滨江区
浙江省,杭州市,西湖区
浙江省,杭州市,滨江区
浙江省,台州市,椒江区
浙江省,衢州市,江山市
浙江省,杭州市,余杭区
浙江省,杭州市,滨江区
浙江省,温州市,龙湾区
浙江省,杭州市,下城区
浙江省,杭州市,滨江区
浙江省,宁波市,慈溪市
浙江省,宁波市,象山县
浙江省,杭州市,余杭区
浙江省,宁波市,北仑区
浙江省,杭州市,滨江区
浙江省,杭州市,江干区
浙江省,台州市,天台县
浙江省,湖州市,德清县
浙江省,杭州市,余杭区
浙江省,金华市,东阳市
浙江省,绍兴市,上虞区
浙江省,温州市,永嘉县
浙江省,杭州市,富阳市
浙江省,宁波市,鄞州区
浙江省,宁波市,奉化市
浙江省,杭州市,拱墅区
浙江省,杭州市,萧山区
浙江省,嘉兴市,嘉善县
浙江省,杭州市,余杭区
浙江省,嘉兴市,海盐县
浙江省,杭州市,拱墅区
浙江省,绍兴市,嵊州市
浙江省,宁波市,慈溪市
浙江省,嘉兴市,南湖区
浙江省,杭州市,滨江区
浙江省,杭州市,余杭区
浙江省,杭州市,余杭区
浙江省,宁波市,江东区
浙江省,杭州市,西湖区
浙江省,杭州市,滨江区
浙江省,台州市,天台县
浙江省,杭州市,滨江区
浙江省,绍兴市,新昌县
浙江省,宁波市,鄞州区
浙江省,杭州市,滨江区
浙江省,杭州市,余杭区
浙江省,杭州市,西湖区
浙江省,杭州市,西湖区
浙江省,杭州市,萧山区
浙江省,宁波市,余姚市
浙江省,杭州市,余杭区
浙江省,温州市,平阳县
浙江省,杭州市,萧山区
浙江省,杭州市,临安市
浙江省,台州市,黄岩区
浙江省,宁波市,北仑区
浙江省,杭州市,萧山区
浙江省,嘉兴市,嘉善县
浙江省,宁波市,鄞州区
浙江省,杭州市,西湖区
浙江省,宁波市,北仑区
浙江省,杭州市,西湖区
浙江省,绍兴市,越城区
浙江省,绍兴市,诸暨市
浙江省,杭州市,江干区
浙江省,温州市,鹿城区
浙江省,宁波市,鄞州区
浙江省,杭州市,上城区
浙江省,杭州市,拱墅区
浙江省,宁波市,奉化市
浙江省,宁波市,海曙区
浙江省,衢州市,柯城区
浙江省,绍兴市,上虞区
浙江省,杭州市,拱墅区
浙江省,宁波市,海曙区
浙江省,杭州市,西湖区
浙江省,绍兴市,上虞市
浙江省,舟山市,定海区
浙江省,绍兴市,上虞区
浙江省,台州市,椒江区
浙江省,嘉兴市,平湖市
浙江省,杭州市,西湖区
浙江省,温州市,乐清市
浙江省,嘉兴市,海宁市
浙江省,绍兴市,上虞区
浙江省,宁波市,鄞州区
浙江省,绍兴市,诸暨市
浙江省,金华市,义乌市
浙江省,杭州市,西湖区
浙江省,杭州市,萧山区
浙江省,台州市,路桥区
浙江省,台州市,临海市
浙江省,绍兴市,诸暨市
浙江省,杭州市,滨江区
浙江省,杭州市,滨江区
浙江省,杭州市,滨江区
浙江省,杭州市,拱墅区
浙江省,绍兴市,上虞区
浙江省,杭州市,建德市
浙江省,杭州市,下城区
浙江省,金华市,婺城区
浙江省,杭州市,余杭区
浙江省,杭州市,上城区
浙江省,杭州市,下城区
浙江省,宁波市,海曙区
浙江省,杭州市,西湖区
浙江省,宁波市,鄞州区
浙江省,杭州市,滨江区
浙江省,绍兴市,柯桥区
浙江省,嘉兴市,海宁市
浙江省,杭州市,西湖区
浙江省,宁波市,江北区
浙江省,杭州市,下城区
浙江省,宁波市,海曙区
浙江省,宁波市,海曙区
浙江省,杭州市,江干区
浙江省,宁波市,鄞州区
浙江省,杭州市,下城区
浙江省,宁波市,江北区
浙江省,宁波市,江东区
浙江省,杭州市,萧山区
浙江省,嘉兴市,嘉善县
浙江省,宁波市,北仑区
浙江省,杭州市,西湖区
浙江省,金华市,义乌市
浙江省,宁波市,海曙区
浙江省,宁波市,鄞州区
浙江省,杭州市,萧山区
浙江省,嘉兴市,桐乡市
浙江省,宁波市,鄞州区
浙江省,绍兴市,柯桥区
浙江省,宁波市,北仑区
浙江省,宁波市,江东区
浙江省,温州市,乐清市
浙江省,杭州市,西湖区
浙江省,宁波市,北仑区
浙江省,温州市,永嘉县
浙江省,绍兴市,越城区
浙江省,台州市,临海市
浙江省,宁波市,北仑区
浙江省,台州市,三门县
浙江省,杭州市,余杭区
浙江省,嘉兴市,秀洲区
浙江省,宁波市,象山县
浙江省,台州市,天台县
浙江省,宁波市,余姚市
浙江省,台州市,天台县
浙江省,宁波市,江北区
浙江省,台州市,玉环县
浙江省,金华市,东阳市
浙江省,台州市,黄岩区
浙江省,温州市,永嘉县
浙江省,杭州市,余杭区
浙江省,嘉兴市,平湖市
浙江省,嘉兴市,平湖市
浙江省,绍兴市,越城区
浙江省,宁波市,鄞州区
浙江省,绍兴市,上虞区
浙江省,杭州市,余杭区
浙江省,衢州市,江山市
浙江省,宁波市,鄞州区
浙江省,台州市,黄岩区
浙江省,嘉兴市,桐乡市
浙江省,台州市,临海市
浙江省,杭州市,余杭区
浙江省,台州市,仙居县
浙江省,杭州市,滨江区
浙江省,嘉兴市,平湖市
浙江省,宁波市,慈溪市
浙江省,杭州市,余杭区
浙江省,杭州市,江干区
浙江省,杭州市,临安市
浙江省,杭州市,江干区
浙江省,金华市,东阳市
浙江省,宁波市,北仑区
浙江省,绍兴市,诸暨市
浙江省,杭州市,江干区
浙江省,绍兴市,嵊州市
浙江省,绍兴市,绍兴县
浙江省,台州市,椒江区
浙江省,台州市,椒江区
浙江省,湖州市,德清县
浙江省,杭州市,江干区
浙江省,台州市,椒江区
浙江省,杭州市,西湖区
浙江省,台州市,仙居县
浙江省,宁波市,高新区
浙江省,杭州市,拱墅区
浙江省,丽水市,青田县
浙江省,杭州市,萧山区
浙江省,温州市,鹿城区
浙江省,湖州市,德清县
浙江省,湖州市,吴兴区
浙江省,湖州市,安吉县
浙江省,杭州市,西湖区
浙江省,杭州市,西湖区
浙江省,宁波市,北仑区
 , , 
浙江省,湖州市,长兴县
浙江省,宁波市,海曙区
浙江省,杭州市,江干区
浙江省,宁波市,高新区
浙江省,湖州市,安吉县
浙江省,绍兴市,新昌县
浙江省,宁波市,宁海县
浙江省,嘉兴市,海宁市
浙江省,湖州市,吴兴区
浙江省,绍兴市,越城区
浙江省,湖州市,吴兴区
浙江省,台州市,温岭市
浙江省,台州市,温岭市
浙江省,宁波市,鄞州区
浙江省,湖州市,南浔区
浙江省,嘉兴市,桐乡市
浙江省,杭州市,临安市
浙江省,温州市,洞头区
浙江省,杭州市,江干区
浙江省,嘉兴市,桐乡市
浙江省,杭州市,萧山区
浙江省,嘉兴市,海宁市
浙江省,宁波市,海曙区
浙江省,嘉兴市,桐乡市
浙江省,金华市,武义县
浙江省,杭州市,西湖区
浙江省,衢州市,柯城区
浙江省,宁波市,象山县
浙江省,杭州市,余杭区
浙江省,杭州市,萧山区
浙江省,台州市,椒江区
浙江省,宁波市,北仑区
浙江省,杭州市,滨江区
浙江省,杭州市,临安市
浙江省,杭州市,江干区
云南省,昆明市,西山区
云南省,昆明市,西山区
云南省,昆明市,呈贡区
云南省,昆明市,五华区
云南省,昆明市,呈贡区
云南省,昆明市,官渡区
云南省,昆明市,官渡区
云南省,昆明市,官渡区
云南省,红河哈尼族彝族自治州,个旧市
云南省,丽江市,古城区
云南省,昆明市,官渡区
云南省,昆明市,盘龙区
云南省,曲靖市,罗平县
云南省,昆明市,官渡区
云南省,昆明市,西山区
云南省,昆明市,呈贡区
云南省,昆明市,官渡区
云南省,昆明市,高新区
云南省,玉溪市,高新区
云南省,昆明市,高新区
云南省,昆明市,东川区
云南省,昆明市,官渡区
云南省,昆明市,西山区
云南省,昆明市,官渡区
云南省,昆明市,盘龙区
云南省,昆明市,五华区
云南省,昆明市,五华区
云南省,曲靖市,麒麟区
云南省,曲靖市,沾益县
云南省,昆明市,西山区
云南省,昆明市,官渡区
云南省,文山壮族苗族自治州,文山市
云南省,昆明市,盘龙区
云南省,大理白族自治州,大理市
新疆维吾尔族自治区,乌鲁木齐市,天山区
新疆维吾尔自治区,乌鲁木齐市,天山区
新疆维吾尔自治区,乌鲁木齐市,天山区
新疆维吾尔自治区阿拉尔市军垦大道, , 
新疆维吾尔自治区,乌鲁木齐市,天山区
新疆维吾尔自治区,乌鲁木齐市,天山区
新疆维吾尔自治区,乌鲁木齐市,天山区
新疆维吾尔自治区,乌鲁木齐市,高新区
新疆维吾尔自治区,乌鲁木齐市,天山区
新疆维吾尔自治区,乌鲁木齐市,天山区
新疆维吾尔自治区,乌鲁木齐市,天山区
新疆维吾尔自治区,乌鲁木齐市,天山区
新疆维吾尔自治区,乌鲁木齐市,高新区
新疆维吾尔自治区,乌鲁木齐市,天山区
新疆维吾尔自治区,乌鲁木齐市,天山区
新疆维吾尔自治区,乌鲁木齐市,天山区
新疆维吾尔自治区,乌鲁木齐市,高新区
新疆维吾尔自治区,昌吉回族自治州,昌吉市
新疆维吾尔自治区,乌鲁木齐市,天山区
新疆维吾尔自治区,乌鲁木齐市,天山区
新疆维吾尔自治区,石河子市,开发区
新疆维吾尔自治区,乌鲁木齐市,新市区
新疆维吾尔自治区,乌鲁木齐市,天山区
新疆维吾尔自治区,乌鲁木齐市,高新区
新疆维吾尔自治区,乌鲁木齐市,天山区
新疆维吾尔自治区,乌鲁木齐市,天山区
新疆维吾尔自治区,乌鲁木齐市,天山区
新疆维吾尔自治区,乌鲁木齐市,天山区
新疆维吾尔自治区,乌鲁木齐市,天山区
新疆维吾尔自治区,伊犁哈萨克自治州,新源县
新疆维吾尔自治区,乌鲁木齐市,天山区
新疆维吾尔自治区,乌鲁木齐市,天山区
新疆维吾尔自治区,乌鲁木齐市,新市区
新疆维吾尔自治区,乌鲁木齐市,天山区
新疆维吾尔自治区,乌鲁木齐市,天山区
新疆维吾尔自治区,乌鲁木齐市,天山区
新疆维吾尔自治区,乌鲁木齐市,天山区
新疆维吾尔自治区,乌鲁木齐市,天山区
新疆维吾尔自治区,乌鲁木齐市,天山区
新疆维吾尔自治区,乌鲁木齐市,天山区
新疆维吾尔自治区,乌鲁木齐市,天山区
新疆维吾尔自治区,乌鲁木齐市,新市区
新疆维吾尔自治区,乌鲁木齐市,天山区
新疆维吾尔自治区,乌鲁木齐市,天山区
新疆维吾尔自治区,乌鲁木齐市,天山区
新疆维吾尔自治区,乌鲁木齐市,天山区
西藏自治区山南地区乃东县英雄路15, , 
西藏自治区,拉萨市,城关区
西藏自治区,拉萨市,城关区
西藏自治区,拉萨市,城关区
西藏自治区,拉萨市,城关区
西藏自治区,拉萨市,城关区
西藏自治区,拉萨市,堆龙德庆县
西藏自治区,拉萨市,城关区
西藏自治区,拉萨市,城关区
西藏自治区,拉萨市,城关区
西藏自治区,拉萨市,城关区
西藏自治区,拉萨市,城关区
天津市,河西区,河西区
天津市,滨海新区,滨海新区
天津市,开发区,开发区
天津市,西青区,西青区
天津市,河西区,河西区
天津市,西青区,西青区
天津市,东丽区,东丽区
天津市,西青区,西青区
天津市,东丽区,东丽区
天津市,西青区,西青区
天津市,西青区,西青区
天津市,南开区,南开区
天津市,滨海新区,滨海新区
天津市,河西区,河西区
天津市,滨海新区,滨海新区
天津市,滨海新区,滨海新区
天津市,南开区,南开区
天津市,东丽区,东丽区
天津市,津南区,津南区
天津市,北辰区,北辰区
天津市,滨海新区,滨海新区
天津市,滨海新区,滨海新区
天津市,滨海新区,滨海新区
天津市,南开区,南开区
天津市,西青区,西青区
天津市,西青区,西青区
天津市,和平区,和平区
天津市,南开区,南开区
天津市,西青区,西青区
天津市,开发区,开发区
天津市,北辰区,北辰区
 , , 
天津市,南开区,南开区
天津市,塘沽区,塘沽区
天津市,和平区,和平区
天津市,河西区,河西区
天津市,和平区,和平区
天津市,南开区,南开区
天津市,东丽区,东丽区
天津市,北辰区,北辰区
天津市,滨海新区,滨海新区
天津市,北辰区,北辰区
天津市,和平区,和平区
 , , 
四川省,宜宾市,翠屏区
四川省,成都市,武侯区
四川省,成都市,高新区
四川省,成都市,锦江区
四川省,成都市,高新区
四川省,成都市,武侯区
四川省,成都市,锦江区
四川省,成都市,青白江区
四川省,成都市,武侯区
四川省,德阳市,旌阳区
四川省,成都市,高新区
四川省,成都市,成华区
四川省,成都市,武侯区
四川省,成都市,武侯区
四川省,成都市,温江区
四川省,德阳市,旌阳区
四川省,成都市,高新区
四川省,成都市,高新区
四川省,绵阳市,涪城区
四川省,南充市,嘉陵区
四川省,成都市,高新区
四川省,宜宾市,翠屏区
四川省,成都市,锦江区
四川省,乐山市,峨眉山市
四川省,泸州市,纳溪区
四川省,成都市,武侯区
四川省,成都市,高新区
四川省,成都市,锦江区
四川省,成都市,武侯区
四川省,绵阳市,涪城区
四川省,成都市,锦江区
四川省,成都市,武侯区
四川省,成都市,郫县
四川省,成都市,金牛区
四川省,成都市,青羊区
四川省,眉山市,青神县
四川省,成都市,青羊区
四川省,遂宁市,射洪县
四川省,成都市,新津县
四川省,成都市,高新区
四川省,成都市,新都区
四川省,成都市,武侯区
四川省,自贡市,沿滩区
四川省,成都市,武侯区
四川省,成都市,高新区
四川省,资阳市,简阳市
四川省,成都市,金牛区
四川省,成都市,高新区
四川省,成都市,高新区
四川省,成都市,高新区
四川省,成都市,武侯区
四川省,成都市,郫县
四川省,成都市,金牛区
四川省,德阳市,什邡市
四川省,成都市,武侯区
四川省,成都市,武侯区
四川省,成都市,武侯区
四川省,成都市,青白江区
四川省,成都市,郫县
四川省,成都市,武侯区
四川省,成都市,武侯区
四川省,绵阳市,涪城区
四川省,成都市,双流县
四川省,成都市,武侯区
四川省,成都市,高新区
四川省,成都市,武侯区
四川省,成都市,武侯区
四川省,成都市,武侯区
四川省,成都市,锦江区
四川省,成都市,武侯区
四川省,成都市,新津县
四川省,成都市,郫县
四川省,达州市,大竹县
四川省,成都市,武侯区
四川省,成都市,武侯区
四川省,成都市,高新区
四川省,成都市,高新区
四川省,遂宁市,船山区
四川省,成都市,青羊区
四川省,成都市,都江堰市
四川省,宜宾市,翠屏区
四川省,成都市,锦江区
四川省,成都市,双流区
四川省,成都市,青羊区
四川省,成都市,新都区
四川省,成都市,双流县
四川省,成都市,新都区
四川省,成都市,高新区
四川省,成都市,高新区
四川省,凉山彝族自治州,西昌市
四川省,成都市,金牛区
四川省,自贡市,大安区
四川省,乐山市,市中区
四川省,成都市,武侯区
四川省,乐山市,市中区
四川省,遂宁市,射洪县
四川省,成都市,武侯区
四川省,成都市,金牛区
四川省,宜宾市,南溪区
四川省,成都市,青羊区
四川省,成都市,青羊区
四川省,绵阳市,高新区
四川省,成都市,郫县
四川省,成都市,锦江区
四川省,广安市,广安区
四川省,成都市,武侯区
四川省,绵阳市,游仙区
四川省,成都市,锦江区
四川省,眉山市,东坡区
四川省,成都市,青羊区
四川省,乐山市,高新区
四川省,乐山市,五通桥区
四川省,成都市,双流县
四川省,成都市,龙泉驿区
四川省,成都市,新都区
 , , 
上海市,浦东新区,浦东新区
上海市,浦东新区,浦东新区
上海市,浦东新区,浦东新区
上海市,浦东新区,浦东新区
上海市,浦东新区,浦东新区
上海市,青浦区,青浦区
上海市,浦东新区,浦东新区
上海市,杨浦区,杨浦区
上海市,徐汇区,徐汇区
上海市,闵行区,闵行区
上海市,闵行区,闵行区
上海市,徐汇区,徐汇区
上海市,金山区,金山区
上海市,闵行区,闵行区
上海市,普陀区,普陀区
上海市,闵行区,闵行区
上海市,徐汇区,徐汇区
上海市,奉贤区,奉贤区
上海市,浦东新区,浦东新区
上海市,闵行区,闵行区
上海市,青浦区,青浦区
上海市,青浦区,青浦区
上海市,奉贤区,奉贤区
上海市,浦东新区,浦东新区
上海市,浦东新区,浦东新区
上海市,闵行区,闵行区
上海市,金山区,金山区
上海市,嘉定区,嘉定区
上海市,徐汇区,徐汇区
上海市,普陀区,普陀区
上海市,浦东新区,浦东新区
上海市,嘉定区,嘉定区
上海市,松江区,松江区
上海市,浦东新区,浦东新区
上海市,浦东新区,浦东新区
上海市,浦东新区,浦东新区
上海市,松江区,松江区
上海市,松江区,松江区
上海市,徐汇区,徐汇区
上海市,奉贤区,奉贤区
上海市,徐汇区,徐汇区
上海市,浦东新区,浦东新区
上海市,青浦区,青浦区
上海市,杨浦区,杨浦区
上海市,松江区,松江区
上海市,金山区,金山区
上海市,青浦区,青浦区
上海市,闵行区,闵行区
上海市,青浦区,青浦区
上海市,闵行区,闵行区
上海市,金山区,金山区
上海市,奉贤区,奉贤区
上海市,宝山区,宝山区
上海市,青浦区,青浦区
上海市,松江区,松江区
上海市,闵行区,闵行区
上海市,静安区,静安区
上海市,青浦区,青浦区
上海市,浦东新区,浦东新区
上海市,嘉定区,嘉定区
上海市,浦东新区,浦东新区
上海市,长宁区,长宁区
上海市,浦东新区,浦东新区
上海市,虹口区,虹口区
上海市,闸北区,闸北区
上海市,杨浦区,杨浦区
上海市,宝山区,宝山区
上海市,金山区,金山区
上海市,松江区,松江区
上海市,普陀区,普陀区
上海市,闵行区,闵行区
上海市,徐汇区,徐汇区
上海市,闵行区,闵行区
上海市,闵行区,闵行区
上海市,奉贤区,奉贤区
上海市,普陀区,普陀区
上海市,金山区,金山区
上海市,闵行区,闵行区
上海市,浦东新区,浦东新区
上海市,徐汇区,徐汇区
上海市,青浦区,青浦区
上海市,黄浦区,黄浦区
上海市,浦东新区,浦东新区
上海市,虹口区,虹口区
上海市,宝山区,宝山区
上海市,黄浦区,黄浦区
上海市,浦东新区,浦东新区
上海市,黄浦区,黄浦区
上海市,闸北区,闸北区
上海市,闸北区,闸北区
上海市,浦东新区,浦东新区
上海市,长宁区,长宁区
上海市,杨浦区,杨浦区
上海市,静安区,静安区
上海市,长宁区,长宁区
上海市,静安区,静安区
上海市,浦东新区,浦东新区
上海市,徐汇区,徐汇区
上海市,虹口区,虹口区
上海市,徐汇区,徐汇区
上海市,浦东新区,浦东新区
上海市,徐汇区,徐汇区
上海市,长宁区,长宁区
上海市,静安区,静安区
上海市,长宁区,长宁区
上海市,浦东新区,浦东新区
上海市,杨浦区,杨浦区
上海市,浦东新区,浦东新区
上海市,静安区,静安区
上海市,长宁区,长宁区
上海市,浦东新区,浦东新区
上海市,长宁区,长宁区
上海市,浦东新区,浦东新区
上海市,长宁区,长宁区
上海市,徐汇区,徐汇区
上海市,闵行区,闵行区
上海市,浦东新区,浦东新区
上海市,徐汇区,徐汇区
上海市,闸北区,闸北区
上海市,静安区,静安区
上海市,黄浦区,黄浦区
上海市,徐汇区,徐汇区
上海市,徐汇区,徐汇区
上海市,徐汇区,徐汇区
上海市,黄浦区,黄浦区
上海市,杨浦区,杨浦区
上海市,浦东新区,浦东新区
上海市,普陀区,普陀区
上海市,黄浦区,黄浦区
上海市,浦东新区,浦东新区
上海市,长宁区,长宁区
上海市,徐汇区,徐汇区
上海市,嘉定区,嘉定区
上海市,静安区,静安区
上海市,杨浦区,杨浦区
上海市,普陀区,普陀区
上海市,静安区,静安区
上海市,长宁区,长宁区
上海市,黄浦区,黄浦区
上海市,黄浦区,黄浦区
上海市,徐汇区,徐汇区
上海市,徐汇区,徐汇区
上海市,徐汇区,徐汇区
上海市,浦东新区,浦东新区
上海市,普陀区,普陀区
上海市,浦东新区,浦东新区
上海市,闵行区,闵行区
上海市,徐汇区,徐汇区
上海市,浦东新区,浦东新区
上海市,浦东新区,浦东新区
上海市,虹口区,虹口区
上海市,黄浦区,黄浦区
上海市,徐汇区,徐汇区
上海市,黄浦区,黄浦区
上海市,黄浦区,黄浦区
上海市,普陀区,普陀区
上海市,黄浦区,黄浦区
上海市,徐汇区,徐汇区
上海市,静安区,静安区
上海市,浦东新区,浦东新区
上海市,浦东新区,浦东新区
上海市,闸北区,闸北区
上海市,长宁区,长宁区
上海市,徐汇区,徐汇区
上海市,金山区,金山区
上海市,黄浦区,黄浦区
上海市,崇明县,崇明县
上海市,浦东新区,浦东新区
上海市,浦东新区,浦东新区
上海市,静安区,静安区
上海市,闸北区,闸北区
上海市,黄浦区,黄浦区
上海市,黄浦区,黄浦区
上海市,黄浦区,黄浦区
上海市,浦东新区,浦东新区
上海市,黄浦区,黄浦区
上海市,浦东新区,浦东新区
上海市,浦东新区,浦东新区
上海市,徐汇区,徐汇区
上海市,黄浦区,黄浦区
上海市,浦东新区,浦东新区
上海市,黄浦区,黄浦区
上海市,徐汇区,徐汇区
上海市,虹口区,虹口区
上海市,黄浦区,黄浦区
上海市,徐汇区,徐汇区
上海市,徐汇区,徐汇区
上海市,浦东新区,浦东新区
上海市,浦东新区,浦东新区
上海市,黄浦区,黄浦区
上海市,普陀区,普陀区
上海市,杨浦区,杨浦区
上海市,浦东新区,浦东新区
上海市,长宁区,长宁区
上海市,虹口区,虹口区
上海市,松江区,松江区
上海市,徐汇区,徐汇区
上海市,黄浦区,黄浦区
上海市,浦东新区,浦东新区
上海市,黄浦区,黄浦区
上海市,长宁区,长宁区
上海市,长宁区,长宁区
上海市,浦东新区,浦东新区
上海市,浦东新区,浦东新区
上海市,浦东新区,浦东新区
上海市,浦东新区,浦东新区
上海市,浦东新区,浦东新区
上海市,徐汇区,徐汇区
上海市,浦东新区,浦东新区
上海市,黄浦区,黄浦区
上海市,奉贤区,奉贤区
上海市,徐汇区,徐汇区
上海市,静安区,静安区
上海市,浦东新区,浦东新区
上海市,浦东新区,浦东新区
上海市,宝山区,宝山区
上海市,浦东新区,浦东新区
上海市,浦东新区,浦东新区
上海市,嘉定区,嘉定区
上海市,青浦区,青浦区
上海市,闸北区,闸北区
上海市,闸北区,闸北区
上海市,徐汇区,徐汇区
上海市,浦东新区,浦东新区
上海市,闵行区,闵行区
上海市,虹口区,虹口区
上海市,静安区,静安区
上海市,青浦区,青浦区
上海市,徐汇区,徐汇区
上海市,奉贤区,奉贤区
上海市,浦东新区,浦东新区
上海市,松江区,松江区
上海市,松江区,松江区
上海市,嘉定区,嘉定区
上海市,奉贤区,奉贤区
上海市,闸北区,闸北区
上海市,浦东新区,浦东新区
上海市,嘉定区,嘉定区
上海市,奉贤区,奉贤区
上海市,青浦区,青浦区
上海市,静安区,静安区
上海市,徐汇区,徐汇区
上海市,浦东新区,浦东新区
上海市,浦东新区,浦东新区
上海市,青浦区,青浦区
上海市,杨浦区,杨浦区
上海市,浦东新区,浦东新区
上海市,松江区,松江区
上海市,浦东新区,浦东新区
上海市,松江区,松江区
上海市,闵行区,闵行区
上海市,奉贤区,奉贤区
上海市,闵行区,闵行区
上海市,浦东新区,浦东新区
上海市,浦东新区,浦东新区
上海市,松江区,松江区
上海市,嘉定区,嘉定区
上海市,长宁区,长宁区
上海市,静安区,静安区
上海市,浦东新区,浦东新区
上海市,青浦区,青浦区
上海市,普陀区,普陀区
上海市,松江区,松江区
上海市,徐汇区,徐汇区
上海市,浦东新区,浦东新区
上海市,嘉定区,嘉定区
上海市,闵行区,闵行区
上海市,徐汇区,徐汇区
上海市,闸北区,闸北区
上海市,徐汇区,徐汇区
上海市,黄浦区,黄浦区
上海市,徐汇区,徐汇区
上海市,徐汇区,徐汇区
上海市,杨浦区,杨浦区
上海市,黄浦区,黄浦区
上海市,静安区,静安区
上海市,浦东新区,浦东新区
上海市,浦东新区,浦东新区
上海市,浦东新区,浦东新区
上海市,黄浦区,黄浦区
上海市,浦东新区,浦东新区
上海市,长宁区,长宁区
上海市,黄浦区,黄浦区
上海市,浦东新区,浦东新区
上海市,浦东新区,浦东新区
上海市,杨浦区,杨浦区
上海市,长宁区,长宁区
上海市,黄浦区,黄浦区
上海市,黄浦区,黄浦区
上海市,浦东新区,浦东新区
上海市,浦东新区,浦东新区
上海市,黄浦区,黄浦区
上海市,松江区,松江区
上海市,徐汇区,徐汇区
上海市,浦东新区,浦东新区
上海市,黄浦区,黄浦区
上海市,长宁区,长宁区
上海市,静安区,静安区
上海市,浦东新区,浦东新区
上海市,虹口区,虹口区
上海市,长宁区,长宁区
上海市,黄埔区,黄埔区
上海市,松江区,松江区
上海市,长宁区,长宁区
上海市,长宁区,长宁区
上海市,青浦区,青浦区
上海市,闵行区,闵行区
上海市,闵行区,闵行区
上海市,浦东新区,浦东新区
上海市,浦东新区,浦东新区
上海市,徐汇区,徐汇区
上海市,浦东新区,浦东新区
上海市,长宁区,长宁区
上海市,闸北区,闸北区
上海市,闵行区,闵行区
上海市,浦东新区,浦东新区
上海市,浦东新区,浦东新区
上海市,浦东新区,浦东新区
上海市,虹口区,虹口区
上海市,静安区,静安区
上海市,长宁区,长宁区
上海市,闵行区,闵行区
上海市,普陀区,普陀区
上海市,徐汇区,徐汇区
上海市,浦东新区,浦东新区
上海市,徐汇区,徐汇区
上海市,青浦区,青浦区
上海市,徐汇区,徐汇区
上海市,普陀区,普陀区
上海市,青浦区,青浦区
上海市,闵行区,闵行区
上海市,浦东新区,浦东新区
上海市,浦东新区,浦东新区
上海市,静安区,静安区
上海市,徐汇区,徐汇区
上海市,长宁区,长宁区
上海市,杨浦区,杨浦区
上海市,徐汇区,徐汇区
上海市,闵行区,闵行区
上海市,黄浦区,黄浦区
上海市,浦东新区,浦东新区
上海市,闸北区,闸北区
上海市,浦东新区,浦东新区
陕西省,西安市,高新区
 , , 
陕西省,西安市,雁塔区
陕西省,西安市,高新区
陕西省,宝鸡市,渭滨区
陕西省,西安市,高新区
陕西省,西安市,碑林区
 , , 
陕西省,西安市,碑林区
陕西省,西安市,阎良区
陕西省,西安市,高新区
陕西省,宝鸡市,渭滨区
陕西省,兴平市,东城区
陕西省,西安市,经开区
陕西省,西安市,未央区
陕西省,西安市,新城区
陕西省,西安市,高新区
陕西省,商洛市,柞水县
陕西省,西安市,高新区
陕西省,西安市,高新区
陕西省,西安市,雁塔区
陕西省,西安市,高新区
陕西省,西安市,未央区
陕西省,西安市,高新区
陕西省,西安市,雁塔区
陕西省,西安市,高新区
陕西省,西安市,雁塔区
 , , 
陕西省,西安市,雁塔区
陕西省,西安市,雁塔区
陕西省,宝鸡市,渭滨区
陕西省,西安市,雁塔区
陕西省,宝鸡市,渭滨区
陕西省,西安市,雁塔区
陕西省,咸阳市,秦都区
陕西省,西安市,雁塔区
陕西省,西安市,雁塔区
陕西省,西安市,未央区
陕西省,西安市,新城区
陕西省,西安市,未央区
陕西省,西安市,高新区
陕西省,西安市,碑林区
陕西省,西安市,高新区
陕西省,西安市,雁塔区
陕西省,咸阳市,秦都区
陕西省,西安市,新城区
陕西省,西安市,高新区
山西省,太原市,杏花岭区
山西省,太原市,小店区
山西省,大同市,城区
山西省,太原市,迎泽区
山西省,运城市,盐湖区
山西省,临汾市,洪洞县
山西省,太原市,小店区
山西省,太原市,万柏林区
山西省,太原市,杏花岭区
山西省,太原市,小店区
山西省,太原市,万柏林区
山西省,忻州市,河曲县
山西省,太原市,小店区
山西省,运城市,稷山县
山西省,长治市,长治县
山西省,大同市,南郊区
山西省,太原市,尖草坪区
山西省,晋城市,城区
山西省,太原市,小店区
山西省,太原市,万柏林区
山西省,太原市,万柏林区
山西省,阳泉市,城区
山西省,运城市,芮城县
山西省,晋中市,介休市
山西省,太原市,万柏林区
山西省,太原市,万柏林区
山西省,太原市,小店区
山西省,太原市,小店区
山西省,临汾市,洪洞县
山西省,太原市,小店区
山西省,吕梁市,汾阳市
山西省,大同市,矿区
 , , 
山西省,长治市,襄垣县
山西省,太原市,小店区
山西省,太原市,高新区
山东省,烟台市,龙口市
山东省,潍坊市,寿光市
山东省,烟台市,牟平区
山东省,潍坊市,昌乐县
山东省,烟台市,福山区
山东省,潍坊市,高密市
山东省,济南市,高新区
山东省,聊城市,东阿县
山东省,潍坊市,寿光市
山东省,济南市,槐荫区
山东省,济南市,历城区
山东省,泰安市,泰山区
山东省,青岛市,黄岛区
山东省,济南市,槐荫区
山东省,滨州市,邹平县
山东省,淄博市,张店区
山东省,潍坊市,寒亭区
山东省,济宁市,高新区
山东省,烟台市,芝罘区
山东省,泰安市,岱岳区
山东省,淄博市,淄川区
山东省,淄博市,高新区
山东省,烟台市,芝罘区
山东省,潍坊市,寒亭区
山东省,聊城市,东昌府区
山东省,烟台市,芝罘区
山东省,潍坊市,寿光市
山东省,济南市,历城区
山东省,济南市,市中区
山东省,聊城市,东昌府区
山东省,济南市,历下区
山东省,威海市,环翠区
山东省,烟台市,莱州市
山东省,德州市,德城区
山东省,青岛市,市北区
山东省,济宁市,兖州市
山东省,潍坊市,高密市
山东省,烟台市,莱山区
山东省,淄博市,沂源县
山东省,青岛市,崂山区
山东省,潍坊市,高密市
山东省,威海市,环翠区
山东省,济南市,历城区
山东省,济宁市,高新区
山东省,淄博市,沂源县
山东省,烟台市,蓬莱市
山东省,烟台市,牟平区
山东省,潍坊市,奎文区
山东省,济南市,槐荫区
山东省,威海市,环翠区
山东省,烟台市,福山区
山东省,济南市,历下区
山东省,威海市,文登区
山东省,德州市,禹城市
山东省,潍坊市,诸城市
山东省,济南市,历城区
山东省,烟台市,莱山区
山东省,烟台市,龙口市
山东省,滨州市,邹平县
山东省,烟台市,龙口市
山东省,烟台市,牟平区
山东省,威海市,环翠区
山东省,滨州市,博兴县
山东省,淄博市,临淄区
山东省,淄博市,临淄区
山东省,烟台市,福山区
山东省,淄博市,临淄区
山东省,临沂市,临沭县
山东省,东营市,东营区
山东省,烟台市,招远市
山东省,潍坊市,昌乐县
山东省,潍坊市,寿光市
山东省,青岛市,崂山区
山东省,淄博市,临淄区
山东省,潍坊市,昌乐县
山东省,青岛市,即墨市
山东省,青岛市,胶州市
山东省,济宁市,曲阜市
山东省,临沂市,临沭县
山东省,烟台市,芝罘区
山东省,潍坊市,高密市
山东省,济南市,章丘市
山东省,德州市,禹城市
山东省,烟台市,福山区
山东省,潍坊市,坊子区
山东省,淄博市,博山区
山东省,烟台市,福山区
山东省,烟台市,莱阳市
山东省,青岛市,城阳区
山东省,枣庄市,台儿庄区
山东省,淄博市,周村区
山东省,烟台市,蓬莱市
山东省,青岛市,即墨市
 , , 
山东省,烟台市,莱山区
山东省,青岛市,即墨市
山东省,潍坊市,寿光市
山东省,淄博市,淄川区
山东省,烟台市,芝罘区
山东省,青岛市,崂山区
山东省,泰安市,高新区
山东省,烟台市,福山区
山东省,青岛市,崂山区
山东省,聊城市,阳谷县
山东省,烟台市,龙口市
山东省,青岛市,市北区
山东省,德州市,禹城市
山东省,青岛市,城阳区
山东省,淄博市,淄川区
山东省,潍坊市,诸城市
山东省,淄博市,沂源县
山东省,东营市,东营区
山东省,烟台市,龙口市
山东省,潍坊市,昌邑市
山东省,淄博市,张店区
山东省,烟台市,莱阳市
山东省,莱芜市,钢城区
山东省,济南市,高新区
山东省,青岛市,胶州市
山东省,菏泽市,定陶县
山东省,烟台市,福山区
山东省,淄博市,高新区
山东省,济南市,高新区
山东省,淄博市,临淄区
山东省,德州市,德城区
山东省,威海市,高区
山东省,日照市,东港区
山东省,济南市,高新区
山东省,青岛市,黄岛区
山东省,济宁市,邹城市
山东省,临沂市,罗庄区
山东省,烟台市,龙口市
山东省,济南市,章丘市
山东省,青岛市,崂山区
山东省,东营市,广饶县
山东省,烟台市,芝罘区
山东省,潍坊市,寒亭区
山东省,青岛市,黄岛区
山东省,济南市,历下区
山东省,济南市,历城区
山东省,德州市,德城区
山东省,滨州市,滨城区
山东省,威海市,荣成市
山东省,淄博市,沂源县
山东省,济南市,历城区
山东省,青岛市,城阳区
山东省,淄博市,张店区
山东省,淄博市,张店区
山东省,青岛市,市南区
山东省,青岛市,崂山区
山东省,滨州市,无棣县
山东省,青岛市,崂山区
山东省,济南市,高新区
山东省,威海市,文登市
山东省,烟台市,芝罘区
山东省,烟台市,莱山区
山东省,济南市,历城区
山东省,济南市,历城区
山东省,济宁市,市中区
山东省,济南市,历下区
山东省,济南市,历下区
山东省,济南市,历下区
山东省,滨州市,滨城区
山东省,淄博市,桓台县
山东省,济南市,市中区
山东省,青岛市,四方区
山东省,威海市,环翠区
山东省,青岛市,崂山区
山东省,滨州市,滨城区
山东省,烟台市,招远市
山东省,威海市,荣成市
山东省,东营市,垦利县
山东省,济南市,天桥区
山东省,滨州市,博兴县
山东省,德州市,齐河县
山东省,烟台市,芝罘区
山东省,潍坊市,诸城市
山东省,济宁市,任城区
山东省,青岛市,市南区
山东省,潍坊市,诸城市
山东省,青岛市,胶州市
山东省,德州市,乐陵市
山东省,德州市,临邑县
山东省,烟台市,福山区
山东省,青岛市,城阳区
山东省,威海市,环翠区
山东省,烟台市,龙口市
山东省,青岛市,崂山区
山东省,济宁市,曲阜市
山东省,菏泽市,牡丹区
山东省,济南市,历下区
山东省,济南市,历下区
山东省,济南市,历下区
山东省,济南市,历下区
山东省,青岛市,崂山区
青海省海东地区互助土族自治县北大街1, , 
青海省,西宁市,城西区
青海省,海西蒙古族藏族自治州,格尔木市
青海省,西宁市,城北区
青海省,西宁市,城东区
青海省,西宁市,湟中县
青海省,西宁市,城西区
青海省,西宁市,城中区
青海省,西宁市,城西区
宁夏回族自治区,银川市,金凤区
宁夏回族自治区,银川市,金凤区
宁夏回族自治区,石嘴山市,惠农区
宁夏回族自治区,中卫市,城区
宁夏回族自治区,银川市,西夏区
宁夏回族自治区,银川市,兴庆区
宁夏回族自治区,银川市,兴庆区
宁夏回族自治区,银川市,兴庆区
宁夏回族自治区,石嘴山市,惠农区
宁夏回族自治区,银川市,金凤区
宁夏回族自治区,银川市,兴庆区
宁夏回族自治区,银川市,兴庆区
内蒙古自治区,呼和浩特市,赛罕区
内蒙古自治区,赤峰市,新城区
内蒙古自治区,鄂尔多斯市,东胜区
内蒙古自治区,呼和浩特市,赛罕区
内蒙古自治区,呼和浩特市,赛罕区
内蒙古自治区,呼和浩特市,新城区
内蒙古自治区,呼和浩特市,赛罕区
内蒙古自治区,呼和浩特市,赛罕区
内蒙古自治区,包头市,昆区
内蒙古自治区,呼和浩特市,赛罕区
内蒙古自治区,呼和浩特市,赛罕区
内蒙古自治区,包头市,东河区
内蒙古自治区,呼和浩特市,赛罕区
内蒙古自治区,呼和浩特市,赛罕区
内蒙古自治区,呼和浩特市,赛罕区
内蒙古自治区,鄂尔多斯市,东胜区
内蒙古自治区,呼和浩特市,赛罕区
内蒙古自治区,呼和浩特市,赛罕区
内蒙古自治区,包头市,青山区
内蒙古自治区,呼和浩特市,赛罕区
内蒙古自治区,鄂尔多斯市,东胜区
香港特别行政区湾仔区皇后大道东28号, , 
 , , 
辽宁省,盘锦市,双台子区
辽宁省,沈阳市,于洪区
辽宁省,大连市,金州区
辽宁省,沈阳市,于洪区
辽宁省,沈阳市,东陵区
辽宁省,大连市,沙河口区
辽宁省,沈阳市,沈河区
辽宁省,沈阳市,辽中县
辽宁省,沈阳市,和平区
辽宁省,葫芦岛市,龙港区
辽宁省,本溪市,平山区
辽宁省,铁岭市,铁岭县
辽宁省,葫芦岛市,连山区
辽宁省,锦州市,凌海市
辽宁省,鞍山市,铁西区
辽宁省,大连市,中山区
辽宁省,鞍山市,铁东区
辽宁省,大连市,西岗区
辽宁省,大连市,金州区
辽宁省,沈阳市,东陵区
辽宁省,大连市,中山区
辽宁省,大连市,瓦房店市
辽宁省,阜新市,新邱区
辽宁省,大连市,金州区
辽宁省,大连市,甘井子区
辽宁省,鞍山市,立山区
辽宁省,沈阳市,于洪区
辽宁省,沈阳市,大东区
辽宁省,大连市,金州区
辽宁省,本溪市,平山区
辽宁省,沈阳市,东陵区
辽宁省,辽阳市,宏伟区
辽宁省,大连市,甘井子区
辽宁省,大连市,甘井子区
辽宁省,鞍山市,铁东区
辽宁省,鞍山市,铁东区
辽宁省,沈阳市,于洪区
辽宁省,沈阳市,东陵区
辽宁省,辽阳市,宏伟区
辽宁省,阜新市,细河区
辽宁省,沈阳市,沈河区
辽宁省,大连市,中山区
辽宁省,沈阳市,东陵区
辽宁省,锦州市,太和区
辽宁省,朝阳市,凌源市
辽宁省,大连市,中山区
辽宁省,丹东市,振安区
辽宁省,沈阳市,沈河区
辽宁省,营口市,鲅鱼圈区
辽宁省,大连市,中山区
辽宁省,沈阳市,和平区
辽宁省,抚顺市,望花区
辽宁省,大连市,沙河口区
辽宁省,沈阳市,沈河区
辽宁省,大连市,中山区
辽宁省,沈阳市,苏家屯区
辽宁省,沈阳市,东陵区
辽宁省,大连市,中山区
辽宁省,大连市,中山区
辽宁省,大连市,保税区
辽宁省,沈阳市,沈河区
辽宁省,大连市,金州区
辽宁省,沈阳市,和平区
辽宁省,鞍山市,千山区
辽宁省,大连市,沙河口区
辽宁省,大连市,旅顺口区
辽宁省,营口市,西市区
辽宁省,沈阳市,沈北新区
辽宁省,沈阳市,沈河区
辽宁省,锦州市,太和区
辽宁省,大连市,瓦房店市
辽宁省,大连市,金州区
江西省,鹰潭市,月湖区
江西省,赣州市,章贡区
江西省,景德镇市,高新区
江西省,南昌市,青云谱区
江西省,南昌市,青云谱区
江西省,南昌市,青山湖区
江西省,南昌市,青山湖区
江西省,南昌市,青山湖区
江西省,景德镇市,昌江区
江西省,南昌市,青山湖区
江西省,宜春市,袁州区
江西省,赣州市,崇义县
江西省,新余市,渝水区
江西省,南昌市,高新区
江西省,南昌市,南昌县
江西省,景德镇市,乐平市
江西省,南昌市,青云谱区
江西省,宜春市,丰城市
江西省,抚州市,临川区
江西省,南昌市,南昌县
江西省,景德镇市,昌江区
江西省,宜春市,奉新县
江西省,新余市,渝水区
江西省,南昌市,东湖区
江西省,上饶市,上饶县
江西省,南昌市,青山湖区
江西省,南昌市,西湖区
江西省,南昌市,青云谱区
江西省,南昌市,南昌县
江西省,南昌市,青山湖区
江西省,南昌市,青山湖区
江西省,南昌市,西湖区
江西省,南昌市,青云谱区
江西省,南昌市,青山湖区
江西省,南昌市,西湖区
江西省,南昌市,青山湖区
江西省,南昌市,高新区
江西省,新余市,渝水区
江西省,南昌市,高新区
江西省,南昌市,高新区
江苏省,苏州市,张家港市东区
 , , 
 , , 
 , , 
江苏省,苏州市,张家港市
江苏省,苏州市,虎丘区
江苏省,徐州市,贾汪区
江苏省,苏州市,张家港市
江苏省,苏州市,相城区
江苏省,苏州市,吴中区
江苏省,南京市,六合区
江苏省,常州市,新北区
江苏省,南京市,鼓楼区
江苏省,常州市,武进区
江苏省,泰州市,泰兴市
江苏省,南通市,海安县
江苏省,苏州市,吴江区
江苏省,无锡市,宜兴市
江苏省,南京市,建邺区
江苏省,徐州市,贾汪区
江苏省,无锡市,江阴市
江苏省,南京市,江宁区
江苏省,苏州市,吴中区
江苏省,常州市,钟楼区
江苏省,无锡市,新区
江苏省,连云港市,连云区
江苏省,无锡市,江阴市
江苏省,南京市,栖霞区
江苏省,无锡市,滨湖区
江苏省,苏州市,新区
江苏省,盐城市,亭湖区
江苏省,无锡市,江阴市
 , , 
江苏省,南京市,鼓楼区
江苏省,无锡市,江阴市
江苏省,南通市,通州区
江苏省,无锡市,滨湖区
江苏省,南京市,玄武区
江苏省,南京市,建邺区
江苏省,南通市,通州区
江苏省,苏州市,张家港市
江苏省,镇江市,京口区
江苏省,苏州市,虎丘区
江苏省,苏州市,姑苏区
 , , 
江苏省,南京市,江宁区
江苏省,苏州市,张家港市
江苏省,镇江市,丹阳市
江苏省,苏州市,吴江区
江苏省,苏州市,常熟市
江苏省,南通市,崇川区
江苏省,苏州市,常熟市
江苏省,南京市,高淳区
江苏省,苏州市,张家港市
江苏省,南京市,溧水区
江苏省,南通市,如皋市
江苏省,镇江市,扬中市
江苏省,镇江市,丹阳市
江苏省,南通市,启东市
江苏省,苏州市,张家港市
江苏省,徐州市,云龙区
江苏省,苏州市,张家港市
江苏省,苏州市,吴中区
江苏省,南通市,通州区
江苏省,宿迁市,泗阳县
江苏省,苏州市,常熟市
江苏省,南京市,浦口区
江苏省,苏州市,相城区
江苏省,南通市,港闸区
江苏省,苏州市,吴江区
江苏省,南京市,江宁区
江苏省,苏州市,吴中区
江苏省,扬州市,江都区
江苏省,南通市,海安县
江苏省,无锡市,新吴区
江苏省,无锡市,宜兴市
江苏省,徐州市,新沂市
江苏省,常州市,武进区
江苏省,苏州市,高新区
江苏省,苏州市,张家港市
江苏省,南通市,启东市
江苏省,无锡市,江阴市
江苏省,苏州市,虎丘区
江苏省,无锡市,江阴市
江苏省,苏州市,昆山市
江苏省,苏州市,昆山市
江苏省,无锡市,宜兴市
江苏省,常州市,戚墅堰区
江苏省,南通市,通州区
江苏省,南通市,通州区
江苏省,苏州市,吴江区
江苏省,盐城市,亭湖区
江苏省,苏州市,吴江区
江苏省,徐州市,新沂市
江苏省,常州市,武进区
江苏省,苏州市,张家港市
江苏省,盐城市,大丰区
江苏省,苏州市,太仓市
江苏省,无锡市,新区
江苏省,南京市,江宁区
江苏省,苏州市,吴中区
江苏省,常州市,新北区
江苏省,常州市,武进区
江苏省,扬州市,江都区
江苏省,苏州市,张家港市
江苏省,南通市,通州区
江苏省,南京市,玄武区
江苏省,无锡市,江阴市
江苏省,常州市,天宁区
江苏省,苏州市,吴江区
江苏省,苏州市,吴中区
江苏省,无锡市,江阴市
江苏省,苏州市,相城区
江苏省,无锡市,滨湖区
江苏省,无锡市,宜兴市
江苏省,常州市,新北区
江苏省,南通市,通州区
江苏省,徐州市,新沂市
江苏省,南京市,江宁区
江苏省,无锡市,宜兴市
江苏省,苏州市,吴江区
江苏省,苏州市,虎丘区
江苏省,无锡市,锡山区
江苏省,无锡市,滨湖区
江苏省,苏州市,高新区
江苏省,苏州市,张家港市
江苏省,扬州市,高邮市
江苏省,无锡市,滨湖区
江苏省,无锡市,滨湖区
江苏省,无锡市,宜兴市
江苏省,常州市,钟楼区
江苏省,无锡市,新区
江苏省,苏州市,昆山市
江苏省,常州市,金坛市
江苏省,无锡市,新吴区
江苏省,南通市,崇川区
江苏省,苏州市,吴中区
江苏省,苏州市,吴中区
江苏省,徐州市,新沂市
江苏省,宿迁市,宿豫区
江苏省,苏州市,昆山市
江苏省,常州市,武进区
江苏省,南京市,江宁区
江苏省,常州市,新北区
江苏省,苏州市,相城区
江苏省,常州市,武进区
江苏省,徐州市,贾汪区
江苏省,南京市,建邺区
江苏省,苏州市,常熟市
江苏省,苏州市,吴中区
江苏省,镇江市,京口区
江苏省,苏州市,张家港市
江苏省,苏州市,昆山市
江苏省,泰州市,姜堰区
江苏省,苏州市,昆山市
江苏省,苏州市,太仓市
江苏省,南通市,海门市
江苏省,无锡市,滨湖区
江苏省,南通市,如皋市
江苏省,南京市,建邺区
江苏省,苏州市,相城区
江苏省,南京市,建邺区
江苏省,徐州市,铜山区
江苏省,常州市,钟楼区
江苏省,无锡市,江阴市
江苏省,苏州市,太仓市
江苏省,苏州市,吴中区
江苏省,无锡市,新区
江苏省,南京市,雨花台区
江苏省,苏州市,常熟市
江苏省,苏州市,吴中区
江苏省,靖江市,靖江市
江苏省,南京市,江宁区
江苏省,扬州市,邗江区
江苏省,苏州市,吴中区
江苏省,无锡市,滨湖区
江苏省,苏州市,吴中区
 , , 
江苏省,苏州市,高新区
江苏省,南京市,江宁区
江苏省,苏州市,吴中区
江苏省,徐州市,铜山区
江苏省,南通市,如皋市
江苏省,常州市,武进区
江苏省,南京市,鼓楼区
江苏省,无锡市,滨湖区
江苏省,无锡市,滨湖区
江苏省,苏州市,吴中区
江苏省,扬州市,邗江区
江苏省,昆山市,周市
江苏省,南京市,玄武区
江苏省,无锡市,江阴市
江苏省,苏州市,昆山市
江苏省,南京市,江宁区
江苏省,无锡市,滨湖区
江苏省,无锡市,江阴市
江苏省,南京市,六合区
江苏省,无锡市,滨湖区
江苏省,南京市,栖霞区
江苏省,南京市,江宁区
江苏省,南京市,雨花台区
江苏省,苏州市,常熟市
江苏省,扬州市,宝应县
江苏省,常州市,溧阳市
江苏省,南京市,江宁区
江苏省,南通市,启东市
江苏省,南京市,浦口区
江苏省,镇江市,京口区
江苏省,苏州市,张家港市
江苏省,苏州市,吴中区
江苏省,常州市,武进区
江苏省,南京市,江宁区
江苏省,无锡市,滨湖区
江苏省,无锡市,江阴市
江苏省,无锡市,新区
江苏省,苏州市,吴中区
江苏省,常州市,钟楼区
江苏省,苏州市,吴江区
江苏省,徐州市,新沂市
江苏省,无锡市,江阴市
江苏省,南京市,浦口区
江苏省,南京市,栖霞区
江苏省,无锡市,江阴市
江苏省,泰州市,海陵区
江苏省,苏州市,吴江区
江苏省,南京市,雨花台区
江苏省,南京市,秦淮区
江苏省,苏州市,吴中区
江苏省,扬州市,邗江区
江苏省,无锡市,江阴市
江苏省,南京市,鼓楼区
江苏省,南京市,浦口区
江苏省,连云港市,连云区
江苏省,南京市,建邺区
江苏省,南京市,六合区
江苏省,南京市,雨花台区
江苏省,徐州市,铜山区
江苏省,南京市,鼓楼区
江苏省,无锡市,崇安区
江苏省,南京市,江宁区
江苏省,无锡市,江阴市
江苏省,南京市,栖霞区
江苏省,南通市,通州区
江苏省,无锡市,江阴市
江苏省,无锡市,锡山区
江苏省,无锡市,惠山区
江苏省,南京市,江宁区
江苏省,无锡市,滨湖区
江苏省,无锡市,江阴市
江苏省,扬州市,广陵区
江苏省,苏州市,吴江区
江苏省,南京市,江宁区
江苏省,常州市,武进区
江苏省,扬州市,广陵区
江苏省,南通市,通州区
江苏省,苏州市,相城区
江苏省,南京市,玄武区
江苏省,连云港市,新浦区
江苏省,南京市,江宁区
江苏省,无锡市,江阴市
江苏省,南京市,秦淮区
江苏省,南京市,玄武区
江苏省,南京市,雨花台区
江苏省,南京市,鼓楼区
江苏省,苏州市,高新区
江苏省,南京市,鼓楼区
江苏省,南通市,通州区
江苏省,南京市,栖霞区
江苏省,苏州市,张家港市
江苏省,盐城市,亭湖区
江苏省,泰州市,海陵区
江苏省,南通市,港闸区
江苏省,南京市,六合区
江苏省,无锡市,滨湖区
江苏省,南京市,秦淮区
江苏省,南京市,建邺区
江苏省,扬州市,宝应县
江苏省,南京市,秦淮区
江苏省,南京市,鼓楼区
江苏省,连云港市,连云区
江苏省,南京市,白下区
江苏省,南通市,崇川区
江苏省,无锡市,惠山区
江苏省,常州市,武进区
江苏省,苏州市,常熟市
江苏省,无锡市,江阴市
江苏省,无锡市,江阴市
江苏省,南通市,启东市
江苏省,苏州市,吴中区
江苏省,苏州市,太仓市
江苏省,无锡市,锡山区
江苏省,苏州市,吴中区
江苏省,苏州市,张家港市
江苏省,南京市,建邺区
江苏省,苏州市,常熟市
江苏省,常州市,新北区
江苏省,泰州市,靖江市
江苏省,南京市,栖霞区
江苏省,南京市,建邺区
江苏省,苏州市,吴中区
江苏省,镇江市,丹阳市
江苏省,无锡市,惠山区
江苏省,苏州市,吴中区
江苏省,南京市,白下区
江苏省,无锡市,锡山区
江苏省,苏州市,常熟市
江苏省,南通市,如东县
江苏省,南京市,栖霞区
江苏省,南京市,江宁区
江苏省,南京市,江宁区
江苏省,无锡市,江阴市
江苏省,无锡市,滨湖区
江苏省,南京市,栖霞区
江苏省,泰州市,靖江市
江苏省,常州市,武进区
江苏省,常州市,溧阳市
江苏省,常州市,武进区
江苏省,常州市,新北区
江苏省,常州市,武进区
江苏省,常州市,武进区
江苏省,常州市,武进区
江苏省,常州市,武进区
江苏省,淮安市,淮安区
江苏省,南通市,如皋市
江苏省,苏州市,吴江区
江苏省,南京市,江宁区
江苏省,南通市,通州区
江苏省,苏州市,虎丘区
江苏省,泰州市,靖江市
江苏省,无锡市,锡山区
江苏省,连云港市,海州区
江苏省,淮安市,涟水县
江苏省,南京市,六合区
江苏省,南通市,如东县
江苏省,无锡市,滨湖区
江苏省,无锡市,梁溪区
江苏省,无锡市,江阴市
江苏省,南京市,秦淮区
江苏省,无锡市,宜兴市
江苏省,南京市,江宁区
江苏省,无锡市,江阴市
江苏省,苏州市,昆山市
江苏省,苏州市,高新区
江苏省,连云港市,东海县
江苏省,苏州市,虎丘区
江苏省,南京市,浦口区
江苏省,无锡市,锡山区
江苏省,常州市,新北区
江苏省,无锡市,锡山区
江苏省,苏州市,相城区
江苏省,常州市,经开区
江苏省,苏州市,高新区
江苏省,常州市,武进区
江苏省,常州市,天宁区
江苏省,常州市,武进区
江苏省,苏州市,昆山市
江苏省,南京市,雨花台区
江苏省,南京市,栖霞区
江苏省,南京市,江宁区
江苏省,苏州市,张家港市
江苏省,苏州市,虎丘区
江苏省,苏州市,吴中区
江苏省,常州市,戚墅堰区
江苏省,南京市,鼓楼区
 , , 
江苏省,苏州市,吴江区
江苏省,南通市,通州区
江苏省,无锡市,江阴市
江苏省,无锡市,滨湖区
江苏省,苏州市,吴中区
江苏省,常州市,金坛市
江苏省,无锡市,宜兴市
吉林省,长春市,绿园区
吉林省,吉林市,昌邑区
吉林省,延边朝鲜族自治州,敦化市
吉林省,长春市,朝阳区
吉林省,长春市,朝阳区
吉林省,长春市,南关区
吉林省,吉林市,丰满区
吉林省,通化市,二道江区
吉林省,长春市,南关区
吉林省,长春市,南关区
吉林省,吉林市,昌邑区
吉林省,长春市,南关区
吉林省,长春市,南关区
吉林省,长春市,南关区
吉林省,辽源市,龙山区
吉林省,通化市,集安市
吉林省,长春市,绿园区
吉林省,通化市,二道江区
吉林省,长春市,朝阳区
吉林省,长春市,双阳区
吉林省,长春市,朝阳区
吉林省,长春市,南关区
吉林省,长春市,朝阳区
吉林省,长春市,南关区
吉林省,长春市,朝阳区
吉林省,吉林市,高新区
吉林省,通化市,东昌区
吉林省,长春市,南关区
吉林省,长春市,绿园区
吉林省,长春市,南关区
吉林省,通化市,通化县
吉林省,长春市,二道区
吉林省,长春市,宽城区
吉林省,长春市,南关区
吉林省,延边朝鲜族自治州,安图县
吉林省,长春市,二道区
吉林省,长春市,朝阳区
 , , 
湖南省,长沙市,浏阳市
湖南省,株洲市,荷塘区
湖南省,长沙市,岳麓区
湖南省,长沙市,雨花区
湖南省,长沙市,芙蓉区
湖南省,张家界市,永定区
湖南省,长沙市,天心区
湖南省,长沙市,天心区
湖南省,衡阳市,高新区
湖南省,岳阳市,岳阳楼区
湖南省,岳阳市,汨罗市
湖南省,长沙市,天心区
湖南省,长沙市,开福区
湖南省,岳阳市,岳阳楼区
湖南省,长沙市,天心区
湖南省,长沙市,芙蓉区
湖南省,长沙市,开福区
湖南省,长沙市,天心区
湖南省,长沙市,岳麓区
湖南省,长沙市,芙蓉区
湖南省,永州市,双牌县
湖南省,长沙市,长沙县
湖南省,岳阳市,岳阳楼区
湖南省,湘潭市,岳塘区
湖南省,长沙市,开福区
湖南省,湘潭市,雨湖区
湖南省,长沙市,岳麓区
湖南省,长沙市,芙蓉区
湖南省,长沙市,岳麓区
湖南省,长沙市,望城区
湖南省,益阳市,赫山区
湖南省,株洲市,石峰区
湖南省,长沙市,岳麓区
湖南省,岳阳市,岳阳县
湖南省,株洲市,天元区
湖南省,长沙市,宁乡县
湖南省,益阳市,南县
湖南省,郴州市,北湖区
湖南省,长沙市,岳麓区
湖南省,长沙市,望城区
湖南省,长沙市,浏阳市
湖南省,郴州市,苏仙区
湖南省,岳阳市,岳阳楼区
湖南省,长沙市,岳麓区
湖南省,永州市,祁阳县
湖南省,长沙市,浏阳市
湖南省,益阳市,资阳区
湖南省,长沙市,开福区
湖南省,岳阳市,岳阳楼区
湖南省,益阳市,沅江市
湖南省,长沙市,岳麓区
湖南省,长沙市,长沙县
湖南省,长沙市,浏阳市
湖南省,常德市,桃源县
湖南省,长沙市,岳麓区
湖南省,长沙市,长沙县
湖南省,长沙市,岳麓区
湖南省,长沙市,宁乡县
湖南省,长沙市,开福区
湖南省,长沙市,浏阳市
湖南省,长沙市,岳麓区
湖南省,长沙市,岳麓区
湖南省,长沙市,岳麓区
湖南省,长沙市,岳麓区
湖南省,株洲市,荷塘区
湖南省,长沙市,长沙县
湖南省,长沙市,岳麓区
湖南省,长沙市,浏阳市
湖南省,株洲市,荷塘区
湖南省,长沙市,岳麓区
湖南省,常德市,武陵区
湖南省,长沙市,开福区
湖南省,常德市,武陵区
湖南省,长沙市,岳麓区
湖南省,湘潭市,岳塘区
湖南省,株洲市,天元区
湖南省,长沙市,望城区
湖南省,长沙市,望城区
湖南省,株洲市,天元区
湖南省,长沙市,浏阳市
湖南省,长沙市,开福区
湖南省,长沙市,开福区
湖南省,株洲市,石峰区
湖南省,岳阳市,岳阳楼区
湖南省,郴州市,北湖区
湖南省,长沙市,芙蓉区
湖南省,长沙市,芙蓉区
湖南省,长沙市,芙蓉区
湖南省,衡阳市,衡东县
湖南省,长沙市,芙蓉区
湖南省,长沙市,天心区
湖南省,长沙市,开福区
湖南省,长沙市,高新区
湖南省,岳阳市,岳阳楼区
湖南省,益阳市,赫山区
湖南省,长沙市,岳麓区
湖北省潜江市章华南路202, , 
湖北省,武汉市,东西湖区
湖北省,武汉市,武昌区
湖北省,武汉市,江汉区
湖北省,武汉市,江汉区
湖北省,荆州市,沙市区
湖北省,襄阳市,樊城区
湖北省,荆门市,掇刀区
湖北省,武汉市,洪山区
湖北省,襄阳市,襄城区
湖北省,孝感市,应城市
湖北省,黄石市,西塞山区
湖北省,武汉市,硚口区
湖北省,武汉市,江汉区
湖北省,武汉市,武昌区
湖北省,荆门市,京山县
湖北省,宜昌市,西陵区
湖北省,武汉市,江夏区
湖北省,武汉市,洪山区
湖北省,荆门市,掇刀区
湖北省,武汉市,江汉区
湖北省,武汉市,洪山区
湖北省,黄冈市,武穴市
湖北省,武汉市,洪山区
湖北省,武汉市,洪山区
湖北省,武汉市,洪山区
湖北省,武汉市,江夏区
湖北省,武汉市,江夏区
湖北省,武汉市,武昌区
湖北省潜江市章华北路88, , 
湖北省,武汉市,洪山区
湖北省,武汉市,洪山区
湖北省,宜昌市,西陵区
湖北省,鄂州市,鄂城区
湖北省,荆门市,东宝区
湖北省,咸宁市,通城县
湖北省,荆州市,沙市区
湖北省,武汉市,江夏区
湖北省,襄阳市,襄州区
湖北省,襄阳市,襄城区
湖北省,武汉市,蔡甸区
湖北省,武汉市,洪山区
湖北省,武汉市,江夏区
湖北省,武汉市,江夏区
湖北省,武汉市,江岸区
湖北省,黄石市,大冶市
湖北省,十堰市,茅箭区
湖北省,武汉市,洪山区
湖北省,孝感市,应城市
湖北省,荆州市,沙市区
湖北省,武汉市,江夏区
湖北省,武汉市,江夏区
湖北省,武汉市,江夏区
湖北省,武汉市,江夏区
湖北省,武汉市,江岸区
湖北省,武汉市,洪山区
湖北省,武汉市,洪山区
湖北省,武汉市,蔡甸区
湖北省,武汉市,蔡甸区
湖北省,武汉市,洪山区
湖北省,武汉市,硚口区
湖北省,武汉市,洪山区
湖北省,黄石市,下陆区
湖北省,武汉市,洪山区
湖北省,武汉市,武昌区
湖北省,宜昌市,夷陵区
湖北省,武汉市,武昌区
湖北省,荆州市,公安县
湖北省,鄂州市,鄂城区
湖北省,宜昌市,当阳市
湖北省,宜昌市,伍家岗区
湖北省,武汉市,洪山区
湖北省,武汉市,江夏区
湖北省,武汉市,武昌区
湖北省,武汉市,洪山区
湖北省,武汉市,洪山区
湖北省,武汉市,洪山区
湖北省,武汉市,汉阳区
湖北省,武汉市,江夏区
湖北省,武汉市,蔡甸区
湖北省,武汉市,汉阳区
湖北省,武汉市,洪山区
湖北省,武汉市,汉阳区
湖北省,襄阳市,谷城县
湖北省,黄石市,西塞山区
湖北省,武汉市,东西湖区
湖北省,随州市,曾都区
湖北省,武汉市,江夏区
湖北省,黄石市,大冶市
黑龙江省,佳木斯市,佳木斯市市辖区
黑龙江省,哈尔滨市,阿城区
黑龙江省,大庆市,龙凤区
黑龙江省,哈尔滨市,呼兰区
黑龙江省,哈尔滨市,香坊区
黑龙江省,哈尔滨市,双城市
黑龙江省,哈尔滨市,呼兰区
黑龙江省,哈尔滨市,松北区
黑龙江省,哈尔滨市,南岗区
黑龙江省,哈尔滨市,平房区
黑龙江省,哈尔滨市,香坊区
黑龙江省,哈尔滨市,平房区
黑龙江省,哈尔滨市,松北区
黑龙江省,牡丹江市,阳明区
黑龙江省,哈尔滨市,南岗区
黑龙江省,哈尔滨市,南岗区
黑龙江省,哈尔滨市,道里区
黑龙江省,哈尔滨市,南岗区
黑龙江省,哈尔滨市,道里区
黑龙江省,哈尔滨市,南岗区
黑龙江省,哈尔滨市,南岗区
黑龙江省,哈尔滨市,道里区
黑龙江省,哈尔滨市,南岗区
黑龙江省,哈尔滨市,松北区
黑龙江省,哈尔滨市,南岗区
黑龙江省,七台河市,新兴区
黑龙江省,齐齐哈尔市,富拉尔基区
黑龙江省,哈尔滨市,道里区
黑龙江省,哈尔滨市,经开区
黑龙江省,鸡西市,虎林市
黑龙江省,哈尔滨市,南岗区
河南省济源市滨河南街, , 
河南省济源市花园路, , 
河南省济源市S309, , 
河南省,郑州市,中原区
河南省,许昌市,魏都区
河南省,郑州市,管城回族区
河南省,焦作市,马村区
河南省,郑州市,金水区
河南省,郑州市,金水区
河南省,漯河市,召陵区
河南省,永城市,东城区
河南省,新乡市,凤泉区
河南省,郑州市,金水区
河南省,新乡市,红旗区
河南省,洛阳市,涧西区
河南省,南阳市,新野县
河南省,郑州市,巩义市
河南省,洛阳市,吉利区
河南省,南阳市,卧龙区
河南省,郑州市,惠济区
河南省,濮阳市,濮阳县
河南省,郑州市,管城回族区
河南省,信阳市,潢川县
河南省,许昌市,许昌县
河南省,许昌市,许昌县
河南省,焦作市,中站区
河南省,焦作市,沁阳市
河南省,郑州市,新郑市
河南省,安阳市,林州市
河南省,南阳市,西峡县
河南省,洛阳市,偃师市
河南省,郑州市,新郑市
河南省,焦作市,中站区
河南省,洛阳市,高新区
河南省,南阳市,卧龙区
河南省,商丘市,虞城县
河南省,郑州市,管城回族区
河南省,郑州市,中原区
河南省,郑州市,中原区
河南省,开封市,开封市市辖区
河南省,焦作市,博爱县
河南省,郑州市,管城回族区
河南省,郑州市,中原区
河南省,洛阳市,老城区
河南省,郑州市,中原区
河南省,濮阳市,华龙区
河南省,南阳市,社旗县
河南省,郑州市,二七区
河南省,郑州市,管城回族区
河南省,郑州市,管城区
河南省,漯河市,召陵区
河南省,郑州市,中原区
河南省,许昌市,长葛市
河南省,周口市,项城市
河南省,安阳市,殷都区
河南省,郑州市,管城回族区
河南省,信阳市,新县
河南省,平顶山市,湛河区
河南省,许昌市,许昌县
河南省,焦作市,山阳区
河南省,安阳市,殷都区
河南省,郑州市,巩义市
河南省,郑州市,金水区
河南省,平顶山市,卫东区
河南省,洛阳市,西工区
河南省,洛阳市,涧西区
河南省,郑州市,管城回族区
河南省,洛阳市,涧西区
河南省,平顶山市,卫东区
河南省,郑州市,巩义市
河南省,郑州市,管城回族区
河南省,郑州市,高新区
河南省,洛阳市,吉利区
河南省,郑州市,管城回族区
河南省,洛阳市,栾川县
河南省,洛阳市,高新区
河北省,石家庄市,藁城市
河北省,石家庄市,桥西区
河北省,石家庄市,裕华区
河北省,邯郸市,武安市
河北省,承德市,双桥区
河北省,唐山市,路北区
河北省,秦皇岛市,海港区
河北省,张家口市,宣化区
河北省,邢台市,桥西区
河北省,石家庄市,裕华区
河北省,唐山市,玉田县
河北省,沧州市,运河区
河北省,廊坊市,开发区
河北省,石家庄市,高新区
河北省,保定市,徐水县
河北省,邢台市,沙河市
河北省,秦皇岛市,海港区
河北省,沧州市,肃宁县
河北省,石家庄市,裕华区
河北省,石家庄市,裕华区
河北省,石家庄市,裕华区
河北省,沧州市,新华区
河北省,石家庄市,裕华区
河北省,邯郸市,曲周县
河北省,石家庄市,正定县
河北省,石家庄市,裕华区
河北省,唐山市,丰南区
河北省,保定市,清苑县
河北省,保定市,新市区
河北省,石家庄市,裕华区
河北省,保定市,南市区
河北省,廊坊市,广阳区
河北省,保定市,高新区
河北省,沧州市,运河区
河北省,唐山市,丰南区
河北省,保定市,涿州市
河北省,保定市,新市区
河北省,衡水市,桃城区
河北省,沧州市,运河区
河北省,廊坊市,开发区
河北省,石家庄市,藁城市
河北省,廊坊市,三河市园区
河北省,唐山市,路南区
河北省,唐山市,乐亭县
河北省,秦皇岛市,海港区
河北省,保定市,新市区
河北省,石家庄市,鹿泉区
河北省,唐山市,丰南区
河北省,唐山市,丰南区
河北省,承德市,承德县
海南省昌江黎族自治县市民广场一路, , 
海南省,海口市,美兰区
海南省,海口市,龙华区
海南省,海口市,龙华区
海南省,海口市,秀英区
海南省,海口市,琼山区
海南省,海口市,美兰区
海南省,海口市,龙华区
海南省,三亚市,市辖区
海南省,海口市,美兰区
海南省,海口市,美兰区
海南省,海口市,美兰区
海南省,海口市,龙华区
海南省,海口市,龙华区
海南省,三亚市,市辖区
海南省,海口市,秀英区
海南省,海口市,龙华区
海南省,海口市,龙华区
海南省,三亚市,市辖区
海南省,海口市,秀英区
海南省,海口市,龙华区
海南省,海口市,美兰区
海南省,海口市,美兰区
海南省,海口市,美兰区
海南省,海口市,龙华区
海南省,海口市,美兰区
海南省,三亚市,天涯区
海南省,海口市,美兰区
海南省,海口市,龙华区
海南省,海口市,美兰区
海南省,海口市,美兰区
海南省,三亚市,天涯区
贵州省,贵阳市,乌当区
贵州省,贵阳市,乌当区
贵州省,贵阳市,云岩区
贵州省,贵阳市,乌当区
贵州省,贵阳市,乌当区
贵州省,贵阳市,花溪区
贵州省,贵阳市,云岩区
贵州省,贵阳市,南明区
贵州省,贵阳市,乌当区
贵州省,安顺市,西秀区
贵州省,黔南布依族苗族自治州,福泉市
贵州省,贵阳市,乌当区
贵州省,遵义市,汇川区
贵州省,贵阳市,乌当区
贵州省,安顺市,镇宁县
贵州省,六盘水市,盘县
贵州省,遵义市,仁怀市
贵州省,贵阳市,小河区
贵州省,贵阳市,乌当区
贵州省,贵阳市,乌当区
贵州省,贵阳市,云岩区
贵州省,遵义市,红花岗区
贵州省,贵阳市,乌当区
贵州省,贵阳市,云岩区
贵州省,贵阳市,云岩区
贵州省,贵阳市,花溪区
广西壮族自治区,南宁市,青秀区
广西壮族自治区,南宁市,青秀区
广西壮族自治区,南宁市,青秀区
广西壮族自治区,南宁市,青秀区
广西壮族自治区,南宁市,青秀区
广西壮族自治区,南宁市,青秀区
广西壮族自治区,南宁市,青秀区
广西壮族自治区,南宁市,青秀区
广西壮族自治区,桂林市,七星区
广西壮族自治区,桂林市,临桂区
广西壮族自治区,南宁市,青秀区
广西壮族自治区,南宁市,青秀区
广西壮族自治区,南宁市,青秀区
广西壮族自治区,南宁市,高新区
广西壮族自治区,南宁市,青秀区
广西壮族自治区,南宁市,高新区
广西壮族自治区,南宁市,青秀区
广西壮族自治区,南宁市,青秀区
广西壮族自治区,南宁市,青秀区
广西壮族自治区,南宁市,良庆区
广西壮族自治区,南宁市,青秀区
广西壮族自治区,南宁市,青秀区
广西壮族自治区,南宁市,青秀区
广西壮族自治区,南宁市,青秀区
广西壮族自治区,南宁市,青秀区
广西壮族自治区,南宁市,青秀区
广西壮族自治区,南宁市,青秀区
广西壮族自治区,南宁市,青秀区
广西壮族自治区,南宁市,青秀区
广西壮族自治区,南宁市,青秀区
广西壮族自治区,南宁市,青秀区
广西壮族自治区,南宁市,青秀区
广西省,南宁市,江南区
 , , 
广东省,中山市,中山市市辖区
广东省,中山市,中山市市辖区
广东省,中山市,中山市市辖区
广东省,中山市,中山市市辖区
广东省,中山市,中山市市辖区
广东省,中山市,中山市市辖区
广东省,中山市,中山市市辖区
广东省,深圳市,龙岗区
广东省,深圳市,南山区
广东省,深圳市,福田区
广东省,广州市,黄埔区
 , , 
广东省,东莞市,东莞市市辖区
广东省,东莞市,东莞市市辖区
广东省,东莞市,东莞市市辖区
广东省,东莞市,东莞市市辖区
广东省,东莞市,东莞市市辖区
广东省,东莞市,东莞市市辖区
广东省,东莞市,东莞市市辖区
广东省,东莞市,东莞市市辖区
广东省,东莞市,东莞市市辖区
广东省,东莞市,东莞市市辖区
广东省,东莞市,东莞市市辖区
广东省,东莞市,东莞市市辖区
广东省,东莞市,东莞市市辖区
广东省,东莞市,东莞市市辖区
广东省,广州市,萝岗区
广东省,清远市,清城区
广东省,江门市,鹤山市
广东省,深圳市,罗湖区
广东省,深圳市,盐田区
广东省,深圳市,南山区
广东省,深圳市,罗湖区
广东省,深圳市,罗湖区
广东省,深圳市,福田区
广东省,深圳市,罗湖区
广东省,深圳市,福田区
广东省,深圳市,罗湖区
广东省,深圳市,南山区
广东省,深圳市,南山区
广东省,深圳市,南山区
广东省,深圳市,宝安区
广东省,深圳市,南山区
广东省,深圳市,南山区
广东省,深圳市,福田区
广东省,深圳市,南山区
广东省,深圳市,南山区
广东省,深圳市,罗湖区
广东省,深圳市,南山区
广东省,深圳市,福田区
广东省,深圳市,福田区
广东省,深圳市,罗湖区
广东省,深圳市,福田区
广东省,深圳市,南山区
广东省,深圳市,罗湖区
广东省,深圳市,南山区
广东省,深圳市,南山区
广东省,深圳市,南山区
广东省,深圳市,罗湖区
广东省,深圳市,南山区
广东省,深圳市,福田区
广东省,深圳市,福田区
广东省,深圳市,福田区
广东省,深圳市,南山区
广东省,深圳市,南山区
广东省,深圳市,南山区
广东省,深圳市,福田区
广东省,深圳市,福田区
广东省,深圳市,福田区
广东省,深圳市,福田区
广东省,深圳市,福田区
广东省,深圳市,南山区
广东省,深圳市,南山区
广东省,深圳市,龙岗区
广东省,深圳市,南山区
广东省,深圳市,南山区
广东省,深圳市,南山区
广东省,深圳市,盐田区
广东省,深圳市,宝安区
广东省,深圳市,福田区
广东省,深圳市,南山区
广东省,深圳市,南山区
广东省,惠州市,惠城区
广东省,汕头市,澄海区
广东省,佛山市,顺德区
广东省,广州市,天河区
广东省,广州市,天河区
广东省,珠海市,香洲区
广东省,珠海市,金湾区
广东省,广州市,天河区
广东省,广州市,越秀区
广东省,江门市,鹤山市
广东省,广州市,萝岗区
广东省,珠海市,香洲区
广东省,佛山市,顺德区
广东省,汕头市,龙湖区
广东省,广州市,天河区
广东省,佛山市,禅城区
广东省,东莞市,东莞市市辖区
广东省,江门市,蓬江区
广东省,韶关市,武江区
广东省,肇庆市,端州区
广东省,茂名市,茂南区
广东省,珠海市,香洲区
广东省,珠海市,保税区
广东省,梅州市,梅县
广东省,清远市,清城区
广东省,韶关市,曲江区
广东省,广州市,天河区
广东省,江门市,新会区
广东省,汕头市,龙湖区
广东省,广州市,越秀区
广东省,广州市,海珠区
广东省,佛山市,顺德区
广东省,佛山市,禅城区
广东省,江门市,开平市
广东省,广州市,天河区
广东省,深圳市,龙华区
广东省,深圳市,南山区
广东省,珠海市,香洲区
广东省,深圳市,南山区
广东省,珠海市,斗门区
广东省,珠海市,高新区
广东省,广州市,天河区
广东省,揭阳市,揭东区
广东省,广州市,花都区
广东省,深圳市,宝安区
广东省,深圳市,南山区
广东省,佛山市,顺德区
广东省,深圳市,宝安区
广东省,广州市,增城区
广东省,珠海市,香洲区
广东省,佛山市,南海区
广东省,广州市,番禺区
广东省,肇庆市,高要区
广东省,深圳市,宝安区
广东省,深圳市,宝安区
广东省,深圳市,南山区
广东省,深圳市,龙岗区
广东省,深圳市,福田区
广东省,深圳市,宝安区
广东省,深圳市,宝安区
广东省,深圳市,福田区
广东省,广州市,萝岗区
广东省,深圳市,南山区
广东省,深圳市,南山区
广东省,汕头市,澄海区
广东省,深圳市,龙岗区
广东省,广州市,黄埔区
广东省,深圳市,南山区
广东省,广州市,萝岗区
广东省,珠海市,香洲区
广东省,广州市,白云区
广东省,深圳市,龙岗区
广东省,广州市,越秀区
广东省,深圳市,南山区
广东省,广州市,天河区
广东省,深圳市,宝安区
广东省,梅州市,梅县
广东省,广州市,萝岗区
广东省,深圳市,福田区
广东省,汕头市,龙湖区
广东省,深圳市,宝安区
广东省,深圳市,宝安区
广东省,深圳市,南山区
广东省,深圳市,南山区
广东省,梅州市,蕉岭县
广东省,深圳市,福田区
广东省,深圳市,福田区
广东省,深圳市,龙岗区
广东省,中山市,西区
广东省,深圳市,南山区
广东省,佛山市,南海区
广东省,深圳市,罗湖区
广东省,梅州市,梅县
广东省,深圳市,南山区
广东省,佛山市,南海区
广东省,广州市,天河区
广东省,深圳市,福田区
广东省,佛山市,顺德区
广东省,深圳市,龙岗区
广东省,深圳市,宝安区
广东省,广州市,萝岗区
广东省,广州市,番禺区
广东省,深圳市,宝安区
广东省,深圳市,南山区
广东省,深圳市,南山区
广东省,东莞市,东莞市市辖区
广东省,珠海市,香洲区
广东省,深圳市,罗湖区
广东省,深圳市,南山区
广东省,深圳市,南山区
广东省,深圳市,南山区
广东省,深圳市,宝安区
广东省,深圳市,宝安区
广东省,汕头市,龙湖区
广东省,揭阳市,普宁市
广东省,深圳市,南山区
广东省,深圳市,福田区
广东省,深圳市,南山区
广东省,深圳市,福田区
广东省,深圳市,南山区
广东省,广州市,海珠区
广东省,深圳市,南山区
广东省,深圳市,南山区
广东省,深圳市,南山区
广东省,广州市,黄埔区
广东省,深圳市,南山区
广东省,汕头市,龙湖区
广东省,广州市,天河区
广东省,汕头市,金平区
广东省,深圳市,南山区
广东省,汕头市,龙湖区
广东省,佛山市,三水区
广东省,佛山市,禅城区
广东省,深圳市,宝安区
广东省,广州市,海珠区
广东省,广州市,黄埔区
广东省,东莞市,东莞市市辖区
广东省,深圳市,罗湖区
广东省,珠海市,金湾区
广东省,揭阳市,普宁市
广东省,汕头市,澄海区
广东省,东莞市,东莞市市辖区
广东省,中山市,西区
广东省,中山市,中山市市辖区
广东省,深圳市,南山区
广东省,深圳市,宝安区
广东省,佛山市,顺德区
广东省,广州市,海珠区
广东省,深圳市,宝安区
广东省,深圳市,龙岗区
广东省,广州市,增城市
广东省,深圳市,龙岗区
广东省,惠州市,惠城区
广东省,深圳市,南山区
广东省,汕头市,金平区
广东省,深圳市,南山区
广东省,深圳市,龙岗区
广东省,江门市,蓬江区
广东省,深圳市,福田区
广东省,佛山市,南海区
广东省,深圳市,南山区
广东省,深圳市,罗湖区
广东省,深圳市,福田区
广东省,广州市,黄埔区
广东省,深圳市,南山区
广东省,广州市,天河区
广东省,佛山市,南海区
广东省,深圳市,福田区
广东省,深圳市,南山区
广东省,佛山市,顺德区
广东省,广州市,荔湾区
广东省,深圳市,宝安区
广东省,广州市,天河区
广东省,汕头市,澄海区
广东省,佛山市,顺德区
广东省,广州市,黄埔区
广东省,佛山市,顺德区
广东省,肇庆市,怀集县
广东省,东莞市,东城区
广东省,江门市,蓬江区
 , , 
广东省,江门市,台山市
广东省,广州市,天河区
广东省,深圳市,龙岗区
广东省,深圳市,宝安区
广东省,深圳市,罗湖区
广东省,深圳市,罗湖区
广东省,汕头市,金平区
广东省,中山市,中山市市辖区
广东省,深圳市,福田区
广东省,汕头市,金平区
广东省,汕头市,金平区
广东省,深圳市,福田区
广东省,深圳市,南山区
广东省,深圳市,福田区
广东省,东莞市,东莞市市辖区
广东省,深圳市,福田区
广东省,揭阳市,普宁市
广东省,深圳市,福田区
广东省,深圳市,宝安区
广东省,深圳市,宝安区
广东省,深圳市,福田区
广东省,中山市,中山市市辖区
广东省,深圳市,福田区
广东省,肇庆市,高要区
广东省,惠州市,博罗县
广东省,深圳市,福田区
广东省,深圳市,南山区
广东省,深圳市,宝安区
广东省,深圳市,宝安区
广东省,深圳市,罗湖区
广东省,深圳市,宝安区
广东省,深圳市,宝安区
广东省,深圳市,宝安区
广东省,广州市,番禺区
广东省,深圳市,南山区
广东省,潮州市,湘桥区
广东省,深圳市,宝安区
广东省,广州市,黄埔区
广东省,潮州市,湘桥区
广东省,深圳市,宝安区
广东省,汕头市,濠江区
广东省,深圳市,宝安区
广东省,深圳市,南山区
广东省,深圳市,福田区
广东省,汕头市,澄海区
广东省,深圳市,罗湖区
广东省,深圳市,南山区
广东省,中山市,东区
广东省,深圳市,龙岗区
广东省,深圳市,宝安区
广东省,深圳市,宝安区
广东省,深圳市,宝安区
广东省,深圳市,龙岗区
广东省,阳江市,阳春市
广东省,深圳市,龙华区
广东省,深圳市,南山区
广东省,广州市,南沙区
广东省,深圳市,福田区
广东省,珠海市,香洲区
广东省,广州市,天河区
广东省,惠州市,惠城区
广东省,广州市,天河区
广东省,广州市,黄埔区
广东省,佛山市,禅城区
广东省,深圳市,南山区
广东省,深圳市,南山区
广东省,深圳市,南山区
广东省,深圳市,罗湖区
广东省,深圳市,南山区
广东省,深圳市,南山区
广东省,深圳市,宝安区
广东省,深圳市,南山区
广东省,深圳市,南山区
广东省,深圳市,南山区
广东省,深圳市,罗湖区
广东省,深圳市,南山区
广东省,深圳市,福田区
广东省,深圳市,罗湖区
广东省,深圳市,南山区
广东省,深圳市,福田区
广东省,深圳市,南山区
广东省,深圳市,福田区
广东省,深圳市,福田区
广东省,广州市,天河区
广东省,广州市,天河区
广东省,佛山市,禅城区
广东省,佛山市,南海区
广东省,深圳市,宝安区
广东省,惠州市,惠城区
广东省,广州市,萝岗区
广东省,深圳市,龙岗区
广东省,深圳市,南山区
广东省,广州市,天河区
广东省,深圳市,南山区
广东省,深圳市,高新区
广东省,珠海市,香洲区
广东省,深圳市,南山区
广东省,珠海市,香洲区
广东省,汕头市,濠江区
广东省,肇庆市,高要市
广东省,深圳市,南山区
广东省,深圳市,福田区
广东省,潮州市,枫溪区
广东省,汕头市,金平区
广东省,湛江市,麻章区
广东省,广州市,萝岗区
广东省,深圳市,南山区
广东省,深圳市,宝安区
广东省,深圳市,宝安区
广东省,深圳市,福田区
广东省,深圳市,宝安区
广东省,深圳市,宝安区
广东省,深圳市,南山区
广东省,广州市,萝岗区
广东省,广州市,萝岗区
广东省,江门市,高新区
广东省,深圳市,龙岗区
广东省,深圳市,宝安区
广东省,广州市,萝岗区
广东省,深圳市,南山区
广东省,深圳市,南山区
广东省,肇庆市,鼎湖区
广东省,广州市,番禺区
广东省,深圳市,福田区
广东省,深圳市,龙岗区
广东省,深圳市,福田区
广东省,深圳市,南山区
广东省,深圳市,南山区
广东省,深圳市,宝安区
广东省,广州市,花都区
广东省,深圳市,南山区
广东省,深圳市,宝安区
广东省,深圳市,南山区
广东省,广州市,黄埔区
广东省,深圳市,南山区
广东省,东莞市,东莞市市辖区
广东省,珠海市,高新区
广东省,深圳市,南山区
广东省,深圳市,福田区
广东省,深圳市,南山区
广东省,珠海市,香洲区
广东省,汕头市,濠江区
广东省,广州市,天河区
广东省,深圳市,龙岗区
广东省,深圳市,龙岗区
广东省,广州市,天河区
广东省,深圳市,南山区
广东省,深圳市,龙岗区
广东省,深圳市,宝安区
广东省,惠州市,惠城区
广东省,东莞市,东莞市市辖区
广东省,深圳市,福田区
广东省,广州市,萝岗区
广东省,江门市,江海区
广东省,深圳市,南山区
广东省,深圳市,福田区
广东省,中山市,东区
广东省,东莞市,东莞市市辖区
广东省,深圳市,福田区
广东省,珠海市,香洲区
广东省,深圳市,龙岗区
广东省,深圳市,宝安区
广东省,江门市,江海区
广东省,广州市,天河区
广东省,潮州市,湘桥区
广东省,江门市,恩平市
广东省,东莞市,东莞市市辖区
广东省,佛山市,顺德区
广东省,佛山市,南海区
广东省,广州市,萝岗区
广东省,广州市,番禺区
广东省,广州市,番禺区
广东省,深圳市,南山区
广东省,珠海市,高新区
广东省,佛山市,顺德区
广东省,深圳市,南山区
广东省,惠州市,惠阳区
广东省,广州市,萝岗区
广东省,深圳市,南山区
广东省,云浮市,新兴县
广东省,广州市,黄埔区
广东省,广州市,萝岗区
广东省,深圳市,南山区
广东省,深圳市,南山区
广东省,深圳市,福田区
 , , 
广东省,惠州市,惠阳区
广东省,珠海市,高新区
广东省,深圳市,南山区
广东省,深圳市,罗湖区
广东省,深圳市,南山区
广东省,深圳市,宝安区
广东省,深圳市,宝安区
广东省,深圳市,宝安区
广东省,深圳市,南山区
广东省,深圳市,福田区
广东省,珠海市,香洲区
广东省,中山市,中山市市辖区
广东省,深圳市,宝安区
广东省,深圳市,宝安区
广东省,深圳市,龙岗区
广东省,深圳市,南山区
广东省,深圳市,宝安区
广东省,汕头市,金平区
广东省,广州市,海珠区
广东省,佛山市,南海区
广东省,深圳市,南山区
广东省,深圳市,南山区
广东省,深圳市,南山区
广东省,广州市,天河区
广东省,佛山市,三水区
广东省,珠海市,香洲区
广东省,深圳市,福田区
广东省,深圳市,福田区
广东省,广州市,番禺区
广东省,佛山市,南海区
广东省,深圳市,南山区
广东省,广州市,白云区
广东省,深圳市,南山区
广东省,潮州市,湘桥区
广东省,深圳市,龙岗区
广东省,深圳市,南山区
广东省,深圳市,南山区
广东省,深圳市,福田区
广东省,深圳市,福田区
广东省,深圳市,盐田区
广东省,深圳市,宝安区
广东省,珠海市,高新区
广东省,广州市,天河区
广东省,深圳市,南山区
广东省,中山市,中山市市辖区
广东省,深圳市,南山区
广东省,广州市,天河区
广东省,深圳市,南山区
广东省,佛山市,顺德区
广东省,广州市,天河区
广东省,深圳市,宝安区
广东省,广州市,白云区
广东省,广州市,白云区
广东省,深圳市,福田区
广东省,深圳市,福田区
广东省,广州市,海珠区
广东省,广州市,天河区
广东省,广州市,黄埔区
广东省,广州市,番禺区
广东省,东莞市,万江区
广东省,珠海市,香洲区
广东省,佛山市,南海区
广东省,珠海市,香洲区
广东省,广州市,荔湾区
广东省,深圳市,南山区
广东省,梅州市,兴宁市
广东省,深圳市,福田区
广东省,广州市,越秀区
广东省,广州市,天河区
广东省,湛江市,麻章区
广东省,深圳市,南山区
广东省,深圳市,南山区
广东省,佛山市,顺德区
广东省,深圳市,福田区
广东省,深圳市,南山区
广东省,深圳市,福田区
广东省,揭阳市,揭东区
广东省,东莞市,东莞市市辖区
广东省,广州市,环市
广东省,广州市,荔湾区
广东省,广州市,天河区
广东省,肇庆市,端州区
广东省,梅州市,梅县
广东省,中山市,中山市市辖区
广东省,深圳市,罗湖区
广东省,广州市,天河区
广东省,汕头市,澄海区
广东省,深圳市,福田区
广东省,深圳市,福田区
广东省,广州市,南沙区
广东省,广州市,天河区
广东省,深圳市,福田区
广东省,深圳市,罗湖区
广东省,汕头市,金平区
广东省,广州市,越秀区
广东省,广州市,萝岗区
广东省,广州市,荔湾区
广东省,深圳市,南山区
广东省,深圳市,南山区
广东省,深圳市,福田区
广东省,深圳市,宝安区
广东省,广州市,荔湾区
广东省,潮州市,枫溪区
广东省,佛山市,禅城区
广东省,广州市,番禺区
广东省,广州市,天河区
广东省,中山市,中山市市辖区
广东省,江门市,台山市
广东省,汕头市,龙湖区
广东省,惠州市,惠城区
广东省,汕头市,金平区
广东省,广州市,番禺区
广东省,广州市,南沙区
广东省,汕头市,潮南区
广东省,佛山市,禅城区
广东省,汕头市,龙湖区
广东省,深圳市,福田区
广东省,广州市,萝岗区
广东省,广州市,白云区
广东省,潮州市,潮安县
广东省,广州市,番禺区
广东省,广州市,白云区
广东省,广州市,海珠区
广东省,广州市,天河区
 , , 
广东省,深圳市,宝安区
广东省,深圳市,南山区
广东省,深圳市,福田区
广东省,深圳市,福田区
广东省,深圳市,宝安区
广东省,深圳市,福田区
广东省,深圳市,南山区
广东省,广州市,天河区
广东省,深圳市,罗湖区
广东省,深圳市,南山区
广东省,广州市,荔湾区
广东省,深圳市,南山区
广东省,佛山市,顺德区
广东省,深圳市,南山区
广东省,深圳市,福田区
广东省,深圳市,福田区
广东省,佛山市,南海区
广东省,汕头市,澄海区
广东省,深圳市,南山区
广东省,深圳市,南山区
广东省,佛山市,禅城区
甘肃省,嘉峪关市,嘉峪关市市辖区
甘肃省,嘉峪关市,嘉峪关市市辖区
甘肃省,白银市,平川区
甘肃省,兰州市,永登县
甘肃省,兰州市,城关区
甘肃省,兰州市,城关区
甘肃省,武威市,凉州区
甘肃省,天水市,秦州区
甘肃省,兰州市,城关区
甘肃省,天水市,麦积区
甘肃省,兰州市,榆中县
甘肃省,酒泉市,肃州区
甘肃省,兰州市,城关区
甘肃省,兰州市,榆中县
甘肃省,兰州市,城关区
甘肃省,兰州市,城关区
甘肃省,武威市,凉州区
甘肃省,酒泉市,肃州区
甘肃省,兰州市,红古区
甘肃省,兰州市,城关区
甘肃省,兰州市,城关区
甘肃省,兰州市,城关区
甘肃省,兰州市,城关区
甘肃省,白银市,白银区
甘肃省,兰州市,安宁区
甘肃省,兰州市,永登县
甘肃省,陇南市,徽县
甘肃省,兰州市,城关区
甘肃省,兰州市,城关区
 , , 
福建省,南平市,光泽县
福建省,泉州市,丰泽区
福建省,厦门市,思明区
福建省,福州市,马尾区
福建省,福州市,台江区
福建省,福州市,鼓楼区
福建省,福州市,台江区
福建省,三明市,永安市
福建省,厦门市,湖里区
福建省,福州市,晋安区
福建省,漳州市,龙文区
福建省,福州市,晋安区
福建省,厦门市,湖里区
福建省,宁德市,蕉城区
福建省,福州市,马尾区
福建省,泉州市,晋江市
福建省,莆田市,秀屿区
福建省,福州市,马尾区
福建省,泉州市,晋江市
福建省,泉州市,德化县
福建省,三明市,梅列区
福建省,福州市,鼓楼区
福建省,厦门市,湖里区
福建省,福州市,仓山区
福建省,厦门市,集美区
福建省,福州市,鼓楼区
福建省,南平市,延平区
福建省,厦门市,思明区
福建省,福州市,仓山区
福建省,厦门市,思明区
福建省,福州市,鼓楼区
福建省,泉州市,南安市
福建省,福州市,闽侯县
福建省,泉州市,南安市
福建省,厦门市,集美区
福建省,厦门市,思明区
福建省,厦门市,海沧区
福建省,福州市,长乐市
福建省,泉州市,晋江市
福建省,三明市,将乐县
福建省,龙岩市,新罗区
福建省,福州市,仓山区
福建省,厦门市,翔安区
福建省,福州市,马尾区
福建省,厦门市,思明区
福建省,厦门市,湖里区
福建省,厦门市,海沧区
福建省,厦门市,海沧区
福建省,南平市,浦城县
福建省,厦门市,海沧区
福建省,厦门市,思明区
福建省,厦门市,湖里区
福建省,福州市,福清市
福建省,厦门市,湖里区
福建省,厦门市,湖里区
福建省,南平市,建阳市
福建省,南平市,延平区
福建省,厦门市,湖里区
福建省,泉州市,泉港区
福建省,福州市,鼓楼区
福建省,厦门市,湖里区
福建省,厦门市,思明区
福建省,宁德市,柘荣县
福建省,福州市,闽侯县
福建省,福州市,闽侯县
福建省,福州市,闽侯县
福建省,厦门市,湖里区
福建省,厦门市,思明区
福建省,福州市,鼓楼区
福建省,福州市,马尾区
福建省,漳州市,龙海市
福建省,厦门市,湖里区
福建省,厦门市,翔安区
福建省,厦门市,海沧区
福建省,福州市,长乐市
福建省,福州市,闽侯县
福建省,福州市,鼓楼区
福建省,厦门市,湖里区
福建省,福州市,鼓楼区
福建省,三明市,沙县
福建省,厦门市,思明区
福建省,福州市,鼓楼区
福建省,福州市,鼓楼区
福建省,龙岩市,新罗区
福建省,漳州市,芗城区
福建省,福州市,晋安区
福建省,泉州市,晋江市
福建省,厦门市,思明区
福建省,厦门市,海沧区
福建省,泉州市,惠安县
福建省,漳州市,芗城区
福建省,福州市,福清市
福建省,厦门市,湖里区
福建省,福州市,鼓楼区
福建省,厦门市,思明区
福建省,福州市,鼓楼区
福建省,厦门市,思明区
福建省,福州市,鼓楼区
福建省,厦门市,集美区
福建省,厦门市,思明区
福建省,厦门市,集美区
福建省,厦门市,思明区
福建省,福州市,鼓楼区
福建省,福州市,鼓楼区
福建省,厦门市,思明区
福建省,厦门市,思明区
福建省,福州市,鼓楼区
福建省,厦门市,同安区
福建省,厦门市,海沧区
福建省,厦门市,思明区
福建省,福州市,鼓楼区
福建省,厦门市,思明区
福建省,泉州市,晋江市
福建省,福州市,晋安区
福建省,厦门市,湖里区
福建省,泉州市,丰泽区
福建省,宁德市,寿宁县
福建省,福州市,福清市
福建省,泉州市,鲤城区
福建省,龙岩市,新罗区
福建省,莆田市,荔城区
福建省,福州市,晋安区
福建省,福州市,福清市
福建省,泉州市,惠安县
福建省,厦门市,湖里区
福建省,福州市,鼓楼区
福建省,漳州市,龙海市
北京市,海淀区,海淀区
北京市,东城区,东城区
北京市,石景山区,石景山区
北京市,东城区,东城区
北京市,西城区,西城区
北京市,丰台区,丰台区
北京市,东城区,东城区
北京市,通州区,通州区
北京市,朝阳区,朝阳区
北京市,通州区,通州区
北京市,顺义区,顺义区
北京市,朝阳区,朝阳区
北京市,昌平区,昌平区
北京市,西城区,西城区
北京市,朝阳区,朝阳区
北京市,朝阳区,朝阳区
北京市,朝阳区,朝阳区
北京市,顺义区,顺义区
北京市,西城区,西城区
北京市,大兴区,大兴区
北京市,海淀区,海淀区
北京市,海淀区,海淀区
北京市,石景山区,石景山区
北京市,海淀区,海淀区
北京市,海淀区,海淀区
北京市,朝阳区,朝阳区
北京市,海淀区,海淀区
北京市,海淀区,海淀区
北京市,海淀区,海淀区
北京市,朝阳区,朝阳区
北京市,海淀区,海淀区
北京市,海淀区,海淀区
北京市,石景山区,石景山区
北京市,宣武区,宣武区
北京市,朝阳区,朝阳区
北京市,大兴区,大兴区
北京市,朝阳区,朝阳区
北京市,朝阳区,朝阳区
北京市,海淀区,海淀区
北京市,海淀区,海淀区
北京市,朝阳区,朝阳区
北京市,大兴区,大兴区
北京市,海淀区,海淀区
北京市,朝阳区,朝阳区
北京市,海淀区,海淀区
北京市,昌平区,昌平区
 , , 
北京市,海淀区,海淀区
北京市,海淀区,海淀区
北京市,昌平区,昌平区
北京市,海淀区,海淀区
北京市,朝阳区,朝阳区
北京市,朝阳区,朝阳区
北京市,大兴区,大兴区
北京市,海淀区,海淀区
北京市,海淀区,海淀区
北京市,通州区,通州区
北京市,西城区,西城区
北京市,朝阳区,朝阳区
北京市,海淀区,海淀区
北京市,海淀区,海淀区
北京市,昌平区,昌平区
北京市,大兴区,大兴区
北京市,丰台区,丰台区
北京市,怀柔区,怀柔区
北京市,朝阳区,朝阳区
北京市,朝阳区,朝阳区
北京市,西城区,西城区
北京市,海淀区,海淀区
北京市,朝阳区,朝阳区
北京市,丰台区,丰台区
北京市,朝阳区,朝阳区
北京市,西城区,西城区
北京市,海淀区,海淀区
北京市,海淀区,海淀区
北京市,西城区,西城区
北京市,丰台区,丰台区
北京市,通州区,通州区
北京市,朝阳区,朝阳区
北京市,昌平区,昌平区
北京市,海淀区,海淀区
北京市,海淀区,海淀区
北京市,丰台区,丰台区
北京市,海淀区,海淀区
北京市,海淀区,海淀区
北京市,朝阳区,朝阳区
北京市,海淀区,海淀区
北京市,海淀区,海淀区
北京市,大兴区,大兴区
北京市,海淀区,海淀区
北京市,朝阳区,朝阳区
北京市,海淀区,海淀区
北京市,海淀区,海淀区
北京市,朝阳区,朝阳区
北京市,海淀区,海淀区
北京市,丰台区,丰台区
北京市,海淀区,海淀区
北京市,海淀区,海淀区
北京市,朝阳区,朝阳区
北京市,顺义区,顺义区
北京市,海淀区,海淀区
北京市,海淀区,海淀区
北京市,朝阳区,朝阳区
北京市,海淀区,海淀区
北京市,朝阳区,朝阳区
北京市,海淀区,海淀区
北京市,海淀区,海淀区
北京市,丰台区,丰台区
北京市,通州区,通州区
北京市,石景山区,石景山区
北京市,海淀区,海淀区
北京市,海淀区,海淀区
北京市,朝阳区,朝阳区
北京市,海淀区,海淀区
北京市,东城区,东城区
北京市,海淀区,海淀区
北京市,朝阳区,朝阳区
北京市,海淀区,海淀区
北京市,通州区,通州区
北京市,石景山区,石景山区
北京市,海淀区,海淀区
北京市,海淀区,海淀区
北京市,朝阳区,朝阳区
北京市,海淀区,海淀区
北京市,海淀区,海淀区
北京市,昌平区,昌平区
北京市,海淀区,海淀区
北京市,海淀区,海淀区
北京市,丰台区,丰台区
北京市,海淀区,海淀区
北京市,石景山区,石景山区
北京市,东城区,东城区
北京市,西城区,西城区
北京市,海淀区,海淀区
北京市,海淀区,海淀区
北京市,海淀区,海淀区
北京市,房山区,房山区
北京市,海淀区,海淀区
北京市,门头沟区,门头沟区
北京市,朝阳区,朝阳区
北京市,海淀区,海淀区
北京市,朝阳区,朝阳区
北京市,石景山区,石景山区
北京市,海淀区,海淀区
北京市,海淀区,海淀区
北京市,石景山区,石景山区
北京市,大兴区,大兴区
北京市,海淀区,海淀区
北京市,海淀区,海淀区
北京市,海淀区,海淀区
北京市,海淀区,海淀区
北京市,海淀区,海淀区
北京市,西城区,西城区
北京市,朝阳区,朝阳区
北京市,海淀区,海淀区
北京市,海淀区,海淀区
北京市,通州区,通州区
北京市,海淀区,海淀区
北京市,海淀区,海淀区
北京市,海淀区,海淀区
北京市,海淀区,海淀区
北京市,海淀区,海淀区
北京市,海淀区,海淀区
北京市,海淀区,海淀区
北京市,昌平区,昌平区
北京市,海淀区,海淀区
北京市,朝阳区,朝阳区
北京市,海淀区,海淀区
北京市,朝阳区,朝阳区
北京市,通州区,通州区
北京市,海淀区,海淀区
北京市,海淀区,海淀区
北京市,顺义区,顺义区
北京市,朝阳区,朝阳区
北京市,朝阳区,朝阳区
北京市,西城区,西城区
北京市,东城区,东城区
北京市,西城区,西城区
北京市,朝阳区,朝阳区
北京市,昌平区,昌平区
北京市,东城区,东城区
北京市,朝阳区,朝阳区
北京市,东城区,东城区
北京市,海淀区,海淀区
北京市,朝阳区,朝阳区
北京市,崇文区,崇文区
北京市,海淀区,海淀区
北京市,海淀区,海淀区
北京市,东城区,东城区
北京市,顺义区,顺义区
北京市,大兴区,大兴区
北京市,昌平区,昌平区
北京市,海淀区,海淀区
北京市,丰台区,丰台区
北京市,海淀区,海淀区
北京市,海淀区,海淀区
北京市,朝阳区,朝阳区
北京市,朝阳区,朝阳区
北京市,西城区,西城区
北京市,朝阳区,朝阳区
北京市,顺义区,顺义区
北京市,海淀区,海淀区
北京市,海淀区,海淀区
北京市,朝阳区,朝阳区
北京市,朝阳区,朝阳区
北京市,西城区,西城区
北京市,朝阳区,朝阳区
北京市,西城区,西城区
北京市,海淀区,海淀区
北京市,丰台区,丰台区
北京市,海淀区,海淀区
北京市,大兴区,大兴区
北京市,大兴区,大兴区
北京市,顺义区,顺义区
北京市,海淀区,海淀区
北京市,东城区,东城区
北京市,崇文区,崇文区
北京市,昌平区,昌平区
北京市,丰台区,丰台区
北京市,朝阳区,朝阳区
北京市,朝阳区,朝阳区
北京市,海淀区,海淀区
北京市,海淀区,海淀区
北京市,朝阳区,朝阳区
北京市,西城区,西城区
北京市,海淀区,海淀区
北京市,西城区,西城区
北京市,海淀区,海淀区
北京市,海淀区,海淀区
北京市,海淀区,海淀区
北京市,东城区,东城区
北京市,通州区,通州区
北京市,海淀区,海淀区
北京市,朝阳区,朝阳区
北京市,西城区,西城区
北京市,海淀区,海淀区
北京市,西城区,西城区
北京市,西城区,西城区
北京市,西城区,西城区
北京市,丰台区,丰台区
北京市,海淀区,海淀区
北京市,东城区,东城区
北京市,门头沟区,门头沟区
北京市,顺义区,顺义区
北京市,东城区,东城区
北京市,海淀区,海淀区
北京市,西城区,西城区
北京市,海淀区,海淀区
北京市,西城区,西城区
北京市,丰台区,丰台区
北京市,东城区,东城区
北京市,延庆县,延庆县
北京市,海淀区,海淀区
北京市,西城区,西城区
北京市,海淀区,海淀区
北京市,朝阳区,朝阳区
北京市,海淀区,海淀区
北京市,朝阳区,朝阳区
北京市,西城区,西城区
北京市,朝阳区,朝阳区
北京市,海淀区,海淀区
北京市,朝阳区,朝阳区
北京市,海淀区,海淀区
北京市,西城区,西城区
北京市,西城区,西城区
北京市,东城区,东城区
北京市,东城区,东城区
北京市,西城区,西城区
北京市,顺义区,顺义区
北京市,东城区,东城区
北京市,朝阳区,朝阳区
北京市,通州区,通州区
北京市,西城区,西城区
北京市,东城区,东城区
北京市,西城区,西城区
北京市,西城区,西城区
北京市,海淀区,海淀区
北京市,西城区,西城区
北京市,东城区,东城区
北京市,东城区,东城区
北京市,朝阳区,朝阳区
北京市,朝阳区,朝阳区
北京市,朝阳区,朝阳区
北京市,通州区,通州区
北京市,海淀区,海淀区
北京市,通州区,通州区
北京市,海淀区,海淀区
北京市,大兴区,大兴区
北京市,朝阳区,朝阳区
北京市,朝阳区,朝阳区
北京市,海淀区,海淀区
北京市,朝阳区,朝阳区
北京市,海淀区,海淀区
北京市,房山区,房山区
北京市,大兴区,大兴区
北京市,海淀区,海淀区
北京市,海淀区,海淀区
北京市,顺义区,顺义区
北京市,海淀区,海淀区
北京市,房山区,房山区
北京市,海淀区,海淀区
北京市,西城区,西城区
北京市,海淀区,海淀区
北京市,西城区,西城区
北京市,丰台区,丰台区
北京市,海淀区,海淀区
北京市,西城区,西城区
北京市,西城区,西城区
北京市,朝阳区,朝阳区
北京市,朝阳区,朝阳区
北京市,海淀区,海淀区
北京市,丰台区,丰台区
北京市,东城区,东城区
北京市,海淀区,海淀区
北京市,西城区,西城区
北京市,大兴区,大兴区
北京市,海淀区,海淀区
北京市,海淀区,海淀区
北京市,朝阳区,朝阳区
北京市,西城区,西城区
北京市,大兴区,大兴区
北京市,海淀区,海淀区
北京市,朝阳区,朝阳区
北京市,丰台区,丰台区
北京市,丰台区,丰台区
北京市,海淀区,海淀区
北京市,朝阳区,朝阳区
北京市,朝阳区,朝阳区
北京市,朝阳区,朝阳区
北京市,朝阳区,朝阳区
北京市,朝阳区,朝阳区
北京市,东城区,东城区
北京市,海淀区,海淀区
北京市,海淀区,海淀区
北京市,朝阳区,朝阳区
北京市,海淀区,海淀区
北京市,朝阳区,朝阳区
北京市,朝阳区,朝阳区
北京市,西城区,西城区
北京市,东城区,东城区
北京市,海淀区,海淀区
北京市,西城区,西城区
北京市,西城区,西城区
北京市,朝阳区,朝阳区
北京市,朝阳区,朝阳区
北京市,西城区,西城区
北京市,西城区,西城区
北京市,朝阳区,朝阳区
北京市,东城区,东城区
北京市,朝阳区,朝阳区
北京市,朝阳区,朝阳区
北京市,朝阳区,朝阳区
北京市,朝阳区,朝阳区
北京市,海淀区,海淀区
北京市,昌平区,昌平区
北京市,朝阳区,朝阳区
北京市,海淀区,海淀区
北京市,西城区,西城区
北京市,丰台区,丰台区
北京市,海淀区,海淀区
北京市,朝阳区,朝阳区
北京市,西城区,西城区
北京市,朝阳区,朝阳区
北京市,海淀区,海淀区
北京市,朝阳区,朝阳区
北京市,朝阳区,朝阳区
北京市,朝阳区,朝阳区
北京市,朝阳区,朝阳区
北京市,朝阳区,朝阳区
北京市,朝阳区,朝阳区
北京市,朝阳区,朝阳区
北京市,朝阳区,朝阳区
北京市,海淀区,海淀区
 , , 
 , , 
安徽省,宣城市,宁国市
安徽省,滁州市,来安县
安徽省,合肥市,包河区
安徽省,合肥市,蜀山区
安徽省,合肥市,蜀山区
安徽省,合肥市,包河区
安徽省,亳州市,谯城区
安徽省,芜湖市,镜湖区
安徽省,铜陵市,铜官山区
安徽省,合肥市,蜀山区
安徽省,合肥市,蜀山区
安徽省,安庆市,迎江区
安徽省,合肥市,高新区
安徽省,合肥市,包河区
安徽省,宣城市,宁国市
安徽省,蚌埠市,禹会区
安徽省,黄山市,歙县
安徽省,黄山市,徽州区
安徽省,马鞍山市,雨山区
安徽省,铜陵市,铜官山区
安徽省,合肥市,包河区
安徽省,马鞍山市,雨山区
安徽省,芜湖市,鸠江区
安徽省,合肥市,蜀山区
安徽省,合肥市,蜀山区
安徽省,合肥市,蜀山区
安徽省,芜湖市,鸠江区
安徽省,合肥市,高新区
安徽省,马鞍山市,雨山区
安徽省,芜湖市,鸠江区
安徽省,合肥市,长丰县
安徽省,芜湖市,鸠江区
安徽省,合肥市,蜀山区
安徽省,合肥市,蜀山区
安徽省,滁州市,凤阳县
安徽省,芜湖市,鸠江区
安徽省,合肥市,蜀山区
安徽省,合肥市,巢湖市
安徽省,宣城市,宁国市
安徽省,宣城市,旌德县
安徽省,合肥市,蜀山区
安徽省,亳州市,谯城区
安徽省,合肥市,蜀山区
安徽省,合肥市,高新区
安徽省,芜湖市,鸠江区
安徽省,安庆市,桐城市
安徽省,合肥市,蜀山区
安徽省,合肥市,高新区
安徽省,合肥市,高新区
安徽省,合肥市,蜀山区
安徽省,淮南市,大通区
安徽省,宣城市,宁国市
安徽省,合肥市,蜀山区
安徽省,滁州市,琅琊区
安徽省,合肥市,高新区
安徽省,合肥市,蜀山区
安徽省,合肥市,蜀山区
安徽省,合肥市,巢湖市
安徽省,阜阳市,颍州区
安徽省,滁州市,全椒县
安徽省,铜陵市,铜官山区
安徽省,芜湖市,鸠江区
安徽省,巢湖市,居巢区
安徽省,马鞍山市,雨山区
安徽省,合肥市,蜀山区
安徽省,合肥市,蜀山区
安徽省,铜陵市,铜官山区
安徽省,六安市,金安区
安徽省,蚌埠市,禹会区
安徽省,铜陵市,郊区
安徽省,合肥市,蜀山区
安徽省,蚌埠市,龙子湖区
安徽省,芜湖市,镜湖区
安徽省,铜陵市,铜官山区
安徽省,芜湖市,镜湖区
安徽省,合肥市,蜀山区
安徽省,马鞍山市,雨山区
安徽省,合肥市,蜀山区
安徽省,宿州市,埇桥区
安徽省,合肥市,蜀山区
安徽省,淮北市,杜集区
安徽省,合肥市,蜀山区
安徽省,合肥市,包河区
安徽省,淮南市,田家庵区
安徽省,合肥市,蜀山区
安徽省,合肥市,庐江县
安徽省,六安市,霍山县
安徽省,池州市,青阳县
安徽省,合肥市,蜀山区
安徽省,合肥市,高新区
安徽省,安庆市,太湖县
安徽省,芜湖市,鸠江区
安徽省,淮北市,濉溪县
安徽省,宣城市,广德县
安徽省,合肥市,蜀山区
安徽省,合肥市,包河区
安徽省,合肥市,包河区
安徽省,合肥市,庐阳区
