销售额,利润(万元),利润率,市,区县,公司简称,全称,,,,,,
1857479 ,835073 ,45.0%,宁波市,鄞州区,宁波银行,宁波银行股份有限公司,银行业（IV）,宁波银行(002142),浙江省宁波市鄞州区宁东路345号,浙江省宁波市鄞州区宁南南路700号,www.nbcb.com.cn,2007/7/19
2772974 ,668415 ,24.1%,杭州市,滨江区,海康威视,杭州海康威视数字技术股份有限公司,电子设备,海康威视(002415),浙江省杭州市滨江区阡陌路555号,浙江省杭州市滨江区阡陌路555号,www.hikvision.com,2010/5/28
3758368 ,477793 ,12.7%,杭州市,西湖区,浙能电力,浙江浙能电力股份有限公司,电力（IV）,浙能电力(600023),浙江省杭州市天目山路152号浙能大厦2楼,浙江省杭州市天目山路152号浙能大厦2楼,www.zzepc.com.cn,2013/12/19
1020784 ,421809 ,41.3%,杭州市,下城区,杭州银行,杭州银行股份有限公司,金融服务业,杭州银行(600926),浙江省杭州市下城区庆春路46号,浙江省杭州市下城区庆春路46号,www.hzbank.com.cn,2016/10/27
1300244 ,306855 ,23.6%,宁波市,北仑区,宁波港,宁波港股份有限公司,运输服务,宁波港(601018),浙江省宁波市江东区宁东路269号宁波环球航运广场第1-4层（除2-2）、第40-46层,浙江省宁波市北仑区明州路301号宁波港大厦,www.nbport.com.cn,2010/9/28
738285 ,297035 ,40.2%,宁波市,海曙区,雅戈尔,雅戈尔集团股份有限公司,不动产投资开发,雅戈尔(600177),浙江省宁波市海曙区鄞县大道西段2号,浙江省宁波市海曙区鄞县大道西段2号,www.youngor.com,1998/11/19
1121665 ,252777 ,22.5%,绍兴市,上虞区,浙江龙盛,浙江龙盛集团股份有限公司,特种化工品,浙江龙盛(600352),浙江省绍兴市杭州湾上虞经济技术开发区东一区至远路二号,浙江省绍兴市上虞区道墟镇,www.longsheng.com,2003/8/1
1593659 ,232149 ,14.6%,温州市,乐清市北白象镇正泰工业园区,正泰电器,浙江正泰电器股份有限公司,电子电气组件与设备,正泰电器(601877),浙江省乐清市北白象镇正泰工业园区正泰路1号,浙江省乐清市北白象镇正泰工业园区正泰路1号,www.chint.net,2010/1/21
19277951 ,199521 ,1.0%,杭州市,下城区,物产中大,物产中大集团股份有限公司,综合供应商,物产中大(600704),浙江省杭州市中大广场A座,浙江省杭州市中大广场A座,www.zhongda.com,1996/6/6
2145087 ,191756 ,8.9%,杭州市,拱墅区,华东医药,华东医药股份有限公司,药品零售,华东医药(000963),浙江省杭州市延安路468号1号楼1号门9、10楼,浙江省杭州市莫干山路866号（祥符桥）,www.eastchinapharm.com,2000/1/27
932488 ,185795 ,19.9%,杭州市,西湖区,新湖中宝,新湖中宝股份有限公司,不动产投资开发,新湖中宝(600208),浙江省嘉兴市中山路禾兴路口,浙江省杭州市西溪路128号新湖商务大厦11层,www.600208.net,1999/6/23
649326 ,180983 ,27.9%,杭州市,江干区,滨江集团,杭州滨江房产集团股份有限公司,不动产投资开发,滨江集团(002244),浙江省杭州市庆春东路38号,浙江省杭州市庆春东路38号,www.binjiang.com.cn,2008/5/29
893744 ,176081 ,19.7%,金华市,义乌市,小商品城,浙江中国小商品城集团股份有限公司,综合工业,小商品城(600415),浙江省义乌市福田路105号海洋商务写字楼,浙江省义乌市福田路105号海洋商务写字楼,www.cccgroup.com.cn,2002/5/9
5236280 ,172634 ,3.3%,杭州市,萧山区,荣盛石化,荣盛石化股份有限公司,通用化工品,荣盛石化(002493),浙江省杭州市萧山区益农镇红阳路98号,浙江省杭州市萧山区益农镇浙江荣盛控股集团大楼,www.cnrspc.com,2010/11/2
4708993 ,163113 ,3.5%,杭州市,萧山区,恒逸石化,恒逸石化股份有限公司,通用化工品,恒逸石化(000703),广西壮族自治区北海市北海大道西16号海富大厦第七层G号,浙江省杭州市萧山区市心北路260号恒逸?南岸明珠3栋24楼,www.hengyishihua.com,1997/3/28
116739 ,161330 ,138.2%,杭州市,下城区,浙数文化,浙报数字文化集团股份有限公司,出版业,浙数文化(600633),浙江省杭州市体育场路178号26-27楼,浙江省杭州市体育场路178号浙报产业大厦,www.stof.com.cn,1993/3/4
1172329 ,154708 ,13.2%,杭州市,滨江区,大华股份,浙江大华技术股份有限公司,电子设备,大华股份(002236),浙江省杭州市滨江区滨安路1187号,浙江省杭州市滨江区滨安路1199号,www.dahuatech.com,2008/5/20
312370 ,145837 ,46.7%,杭州市,西湖区,财通证券,财通证券股份有限公司,金融服务业,财通证券(601108),浙江省杭州市杭大路15号嘉华国际商务中心201，501，502，1103，1601-1615，1701-1716室,浙江省杭州市杭大路15号嘉华国际商务中心201，501，502，1103，1601-1615，1701-1716,www.ctsec.com,2017/10/24
2330414 ,145701 ,6.3%,嘉兴市,桐乡市经济开发区,桐昆股份,桐昆集团股份有限公司,通用化工品,桐昆股份(601233),浙江省桐乡市洲泉镇德胜路1号12幢,浙江省桐乡市经济开发区光明路199号,www.zjtkgf.com,2011/5/18
614596 ,134450 ,21.9%,嘉兴市,桐乡市,华友钴业,浙江华友钴业股份有限公司,有色金属,华友钴业(603799),浙江省桐乡经济开发区二期梧振东路18号,浙江省桐乡经济开发区二期梧振东路18号,www.huayou.com,2015/1/29
1941158 ,132652 ,6.8%,宁波市,高新区,均胜电子,宁波均胜电子股份有限公司,汽车零配件（IV）,均胜电子(600699),浙江省宁波市高新区聚贤路1266号,浙江省宁波市高新区聚贤路1266号,--,1993/12/6
1686507 ,119259 ,7.1%,嘉兴市,桐乡市洲泉工业区,新凤鸣,新凤鸣集团股份有限公司,通用化工品,新凤鸣(603225),浙江省桐乡市洲泉工业区德胜路888号,浙江省桐乡市洲泉工业区德胜路888号,www.xfmgroup.com,2017/4/18
2045431 ,116846 ,5.7%,杭州市,拱墅区,杭钢股份,杭州钢铁股份有限公司,钢铁,杭钢股份(600126),浙江省杭州市拱墅区半山路178号,浙江省杭州市拱墅区半山路178号,www.hzsteel.com,1998/3/11
718965 ,116483 ,16.2%,绍兴市,新昌县,三花智控,浙江三花智能控制股份有限公司,工业机械,三花智控(002050),浙江省新昌县七星街道下礼泉,浙江省新昌县七星街道下礼泉,www.zjshc.com,2005/6/7
492145 ,115550 ,23.5%,嘉兴市,平湖市,合盛硅业,合盛硅业股份有限公司,通用化工品,合盛硅业(603260),浙江省嘉兴市乍浦镇雅山西路530号,浙江省嘉兴市乍浦镇雅山西路530号,www.hoshinesilicon.com,2017/10/30
231433 ,113855 ,49.2%,杭州市,江干区,宋城演艺,宋城演艺发展股份有限公司,广播与娱乐,宋城演艺(300144),浙江省杭州市之江路148号,浙江省杭州市之江路148号,www.chinascgf.com,2010/12/9
1049664 ,107961 ,10.3%,杭州市,高新技术产业区,苏泊尔,浙江苏泊尔炊具股份有限公司,耐用消费品,苏泊尔(002032),浙江省玉环县大麦屿经济开发区,浙江省杭州市高新技术产业区江晖路1772号苏泊尔大厦19楼,www.supor.com.cn,2004/8/17
306502 ,106434 ,34.7%,杭州市,临安市,亿帆医药,亿帆医药股份有限公司,制药,亿帆医药(002019),浙江省杭州市临安经济开发区,浙江省临安市锦城街道琴山50号,www.xinfupharm.com,2004/7/13
498793 ,106104 ,21.3%,杭州市,余杭区,老板电器,杭州老板电器股份有限公司,耐用消费品,老板电器(002508),浙江省杭州余杭区余杭经济开发区临平大道592号,浙江省杭州余杭区余杭经济开发区临平大道592号,www.robam.com,2010/11/23
409217 ,105422 ,25.8%,绍兴市,新昌县,新和成,浙江新和成股份有限公司,制药,新和成(002001),浙江省新昌县羽林街道江北路4号,浙江省新昌县七星街道大道西路418号,www.cnhu.com,2004/6/25
328531 ,105215 ,32.0%,杭州市,西湖区,浙商证券,浙商证券股份有限公司,金融服务业,浙商证券(601878),浙江省杭州市五星路201号,浙江省杭州市杭大路1号,www.stocke.com,2017/6/26
1002290 ,101364 ,10.1%,衢州市,柯城区,巨化股份,浙江巨化股份有限公司,通用化工品,巨化股份(600160),浙江省衢州市柯城区,浙江省衢州市柯城区,www.jhgf.com.cn,1998/6/26
759623 ,88716 ,11.7%,绍兴市,上虞区,卧龙电气,卧龙电气集团股份有限公司,工业机械,卧龙电气(600580),浙江省绍兴市上虞区经济开发区,浙江省绍兴市上虞区人民西路1801号,www.wolong.com.cn,2002/6/6
731581 ,86362 ,11.8%,绍兴市,新昌县,万丰奥威,浙江万丰奥威汽轮股份有限公司,汽车零配件（IV）,万丰奥威(002085),浙江省新昌县城关镇新昌工业区（后溪）,浙江省新昌县城关镇新昌工业区（后溪）,www.wfaw.com.cn,2006/11/28
246109 ,83578 ,34.0%,绍兴市,上虞市经济开发区,世纪华通,浙江世纪华通集团股份有限公司,汽车零配件（IV）,世纪华通(002602),浙江省绍兴市上虞区曹娥街道越爱路66号,浙江省上虞市经济开发区北一路,www.sjhuatong.com,2011/7/28
681955 ,82502 ,12.1%,杭州市,上城区,浙江东方,浙江东方集团股份有限公司,服装与服饰,浙江东方(600120),浙江省杭州市西湖大道12号,浙江省杭州市西湖大道12号,www.zjorient.com,1997/12/1
400878 ,82266 ,20.5%,嘉兴市,平湖市,嘉化能源,浙江嘉化能源化工股份有限公司,通用化工品,嘉化能源(600273),浙江省嘉兴市乍浦滨海大道2288号,浙江省嘉兴港区乍浦经济开发区滨海大道2288号,www.jhec.com.cn,2003/6/27
449535 ,80274 ,17.9%,绍兴市,上虞市,闰土股份,浙江闰土股份有限公司,特种化工品,闰土股份(002440),浙江省杭州湾上虞经济技术开发区纬七东路1号,浙江省上虞市市民大道1009号财富广场1号楼闰土大厦,www.runtuchem.com,2010/7/6
612485 ,76209 ,12.4%,嘉兴市,嘉兴工业园区,卫星石化,浙江卫星石化股份有限公司,特种化工品,卫星石化(002648),浙江省嘉兴市嘉兴工业园区步焦路,浙江省嘉兴市嘉兴工业园区步焦路,www.satlpec.com,2011/12/28
378345 ,74349 ,19.7%,杭州市,高新技术开发区,康恩贝,浙江康恩贝制药股份有限公司,制药,康恩贝(600572),浙江省兰溪市康恩贝大道1号,浙江省杭州市高新技术开发区滨江科技经济园滨康路568号,www.conba.com.cn,2004/4/12
804648 ,70403 ,8.7%,杭州市,萧山经济技术开发区,万向钱潮,万向钱潮股份有限公司,汽车零配件（IV）,万向钱潮(000559),浙江省杭州市萧山区万向路,浙江省杭州市萧山经济技术开发区万向路,www.wxqc.com.cn,1994/1/10
257572 ,65078 ,25.3%,台州市,临海市,伟星新材,浙江伟星新型建材股份有限公司,建材与构件,伟星新材(002372),浙江省临海经济开发区,浙江省临海经济开发区,www.china-pipes.com,2010/3/18
480401 ,63131 ,13.1%,宁波市,江北区,银亿股份,银亿房地产股份有限公司,不动产投资开发,银亿股份(000981),甘肃省兰州市高新技术开发区张苏滩573号八楼,浙江省宁波市江北区人民路132号银亿外滩大厦6楼,www.chinayinyi.cn,2000/6/22
319043 ,62926 ,19.7%,杭州市,萧山经济技术开发区,杭萧钢构,杭萧钢构股份有限公司,建材与构件,杭萧钢构(600477),浙江省杭州市萧山经济技术开发区,浙江省杭州市萧山经济技术开发区红垦农场,www.hxss.com.cn,2003/11/10
2098774 ,60667 ,2.9%,绍兴市,诸暨市店口镇工业区,海亮股份,浙江海亮股份有限公司,有色金属,海亮股份(002203),浙江省诸暨市店口镇工业区,浙江省诸暨市店口镇工业区,www.hailiang.com,2008/1/16
484798 ,59994 ,12.4%,杭州市,江干区,顾家家居,顾家家居股份有限公司,家具,顾家家居(603816),浙江省杭州经济技术开发区11号大街113号,浙江省杭州经济技术开发区11号大街113号,www.kukahome.com,2016/10/14
388978 ,59984 ,15.4%,宁波市,海曙区,荣安地产,荣安地产股份有限公司,不动产投资开发,荣安地产(000517),浙江省宁波市海曙区灵桥路513号(14-12),浙江省宁波市海曙区灵桥路513号天封大厦11楼、15楼、16楼,www.rongan.com.cn,1993/8/6
293943 ,59285 ,20.2%,杭州市,西湖区,上峰水泥,甘肃上峰水泥股份有限公司,建材与构件,上峰水泥(000672),甘肃省白银市白银区五一街8号,浙江省杭州市西湖区文二西路738号西溪乐谷创意产业园1幢E单元,www.sfsn.cn,1996/12/18
376727 ,58590 ,15.6%,金华市,婺城区,万里扬,浙江万里扬股份有限公司,商用运载工具与车辆,万里扬(002434),浙江省金华市宾虹西路3999号,浙江省金华市宾虹西路3999号,www.zjwly.com,2010/6/18
354037 ,58471 ,16.5%,宁波市,北仑区,拓普集团,宁波拓普集团股份有限公司,汽车零配件（IV）,拓普集团(601689),浙江省宁波市北仑区黄山西路215号,浙江省宁波市北仑区黄山西路215号,www.tuopu.com,2015/3/19
258381 ,56576 ,21.9%,杭州市,余杭区,兴源环境,兴源环境科技股份有限公司,综合公共事业,兴源环境(300266),浙江省杭州市余杭区杭州余杭经济技术开发区望梅路1588号,浙江省杭州市余杭区杭州余杭经济技术开发区望梅路1588号,www.xingyuan.com,2011/9/27
310217 ,56398 ,18.2%,杭州市,江干区,巨星科技,杭州巨星科技股份有限公司,耐用消费品,巨星科技(002444),浙江省杭州市江干区九环路35号,浙江省杭州市江干区九环路35号,www.greatstartools.com,2010/7/13
98633 ,56285 ,57.1%,杭州市,余杭区,同花顺,浙江核新同花顺网络信息股份有限公司,软件,同花顺(300033),浙江省杭州市余杭区同顺街18号,浙江省杭州市余杭区同顺街18号,www.10jqka.com.cn,2009/12/25
351002 ,55681 ,15.9%,台州市,临海市,华海药业,浙江华海药业股份有限公司,制药,华海药业(600521),浙江省临海市汛桥,浙江省临海市汛桥,www.huahaipharm.com,2003/3/4
391165 ,54889 ,14.0%,嘉兴市,平湖市,景兴纸业,浙江景兴纸业股份有限公司,造纸,景兴纸业(002067),浙江省平湖市曹桥镇,浙江省平湖市曹桥镇,www.jxpaper.com.cn,2006/9/15
747612 ,53965 ,7.2%,宁波市,宁海县梅林街道塔山工业园区,东方日升,东方日升新能源股份有限公司,电子电气组件与设备,东方日升(300118),浙江省宁波市宁海县梅林街道塔山工业园区,浙江省宁波市宁海县梅林街道塔山工业园区,www.risenenergy.com,2010/9/2
253224 ,53495 ,21.1%,杭州市,萧山区,航民股份,浙江航民股份有限公司,服装与服饰,航民股份(600987),浙江省杭州市萧山区瓜沥镇航民村,浙江省杭州市萧山区瓜沥镇航民村,www.hmgf.com,2004/8/9
664368 ,53125 ,8.0%,宁波市,望春工业园区,杉杉股份,宁波杉杉股份有限公司,电子电气组件与设备,杉杉股份(600884),浙江省宁波市鄞州区日丽中路777号杉杉大厦808室,浙江省宁波市望春工业园区云林中路218号,www.ssgf.net,1996/1/30
257340 ,51670 ,20.1%,杭州市,余杭区,中金环境,南方中金环境股份有限公司,工业机械,中金环境(300145),浙江省杭州市余杭区仁和街道仁河大道46号,浙江省杭州余杭区仁和镇,www.nanfang-pump.com,2010/12/9
346914 ,50026 ,14.4%,宁波市,鄞州工业园区,三星医疗,宁波三星医疗电气股份有限公司,工业机械,三星医疗(601567),浙江省宁波市鄞州工业园区（宁波市鄞州区姜山镇）,浙江省宁波市鄞州工业园区（宁波市鄞州区姜山镇）,www.sanxing.com,2011/6/15
119223 ,49191 ,41.3%,杭州市,西湖区,顺网科技,杭州顺网科技股份有限公司,计算机服务,顺网科技(300113),浙江省杭州市西湖区文一西路75号3号楼,浙江省杭州市西湖区文一西路857号杭州智慧产业创业园A座,www.shunwang.com,2010/8/27
435671 ,47495 ,10.9%,金华市,东阳市横店工业区,横店东磁,横店集团东磁股份有限公司,电子电气组件与设备,横店东磁(002056),浙江省东阳市横店工业区,浙江省东阳市横店工业区,www.chinadmegc.com,2006/8/2
225244 ,46794 ,20.8%,杭州市,滨江区,华数传媒,华数传媒控股股份有限公司,广播与娱乐,华数传媒(000156),浙江省杭州市滨江区江南大道3850号创新大厦15楼1505室,浙江省杭州市滨江区长江路79号华数白马湖数字电视产业园B座,--,2000/9/6
516821 ,46444 ,9.0%,杭州市,临安市,杭叉集团,杭叉集团股份有限公司,工业机械,杭叉集团(603298),浙江省临安经济开发区东环路88号,浙江省临安经济开发区东环路88号,www.zjhc.cn,2016/12/27
206053 ,46271 ,22.5%,杭州市,莫干山路1418号（上城工业园区,海兴电力,杭州海兴电力科技股份有限公司,电力（III）,海兴电力(603556),浙江省杭州市莫干山路1418号（上城工业园区）,浙江省杭州市莫干山路1418号（上城工业园区）,www.hxgroup.co,2016/11/10
367553 ,43295 ,11.8%,杭州市,西湖区,迪安诊断,浙江迪安诊断技术股份有限公司,医疗保健服务,迪安诊断(300244),浙江省杭州市西湖区金蓬街329号2幢5层,浙江省杭州市西湖科技园金蓬街329号,www.dazd.cn,2011/7/19
156662 ,43288 ,27.6%,宁波市,江北区,爱柯迪,爱柯迪股份有限公司,汽车与零配件（II）,爱柯迪(600933),浙江省宁波市江北区金山路588号,浙江省宁波市江北区金山路588号,www.ikd-china.com,2017/11/17
72244 ,42753 ,59.2%,温州市,鹿城区,伟明环保,浙江伟明环保股份有限公司,废物处理与回收服务,伟明环保(603568),浙江省温州市瓯海开发区梧慈路517号,浙江省温州市市府路525号同人恒玖大厦16楼,www.cnweiming.com,2015/5/28
339922 ,42636 ,12.5%,杭州市,临安市,福斯特,杭州福斯特应用材料股份有限公司,通用化工品,福斯特(603806),浙江省临安市锦北街道福斯特街8号,浙江省临安市锦北街道保锦路,www.firstpvm.com,2014/9/5
456503 ,40509 ,8.9%,宁波市,鄞州区,百隆东方,百隆东方股份有限公司,服装与服饰,百隆东方(601339),浙江省宁波市镇海区骆驼街道南二东路1号,浙江省宁波市鄞州区甬江大道188号宁波财富中心8楼,www.broseastern.com,2012/6/12
270560 ,39154 ,14.5%,杭州市,江干区,杭锅股份,杭州锅炉集团股份有限公司,工业机械,杭锅股份(002534),浙江省杭州市江干区大农港路1216号,浙江省杭州市江干区大农港路1216号,www.chinaboilers.com,2011/1/10
196620 ,38575 ,19.6%,金华市,婺城区,尖峰集团,浙江尖峰集团股份有限公司,建材与构件,尖峰集团(600668),浙江省金华市婺江东路88号,浙江省金华市婺江东路88号,www.jianfeng.com.cn,1993/7/28
197096 ,37913 ,19.2%,杭州市,临安市玲珑工业区,帝龙文化,浙江帝龙文化发展股份有限公司,造纸,帝龙文化(002247),浙江省临安市玲珑街道玲珑工业区环南路1958号,浙江省临安市玲珑工业区环南路1958号,www.dilong.cc,2008/6/12
64096 ,37605 ,58.7%,绍兴市,柯桥区,轻纺城,浙江中国轻纺城集团股份有限公司,商业辅助服务,轻纺城(600790),浙江省绍兴市柯桥区柯桥街道鉴湖路1号中轻大厦,浙江省绍兴市柯桥区柯桥街道鉴湖路1号中轻大厦,www.qfcgroup.com,1997/2/28
191323 ,37219 ,19.5%,杭州市,萧山区,吉华集团,浙江吉华集团股份有限公司,化工品（II）,吉华集团(603980),浙江省杭州市萧山区临江工业园新世纪大道1766号,浙江省杭州市萧山区临江工业园新世纪大道1766号,www.jihuadyes.com,2017/6/15
193636 ,36901 ,19.1%,金华市,东阳市横店镇横店影视产业实验区,横店影视,横店影视股份有限公司,广播与娱乐,横店影视(603103),浙江省东阳市横店镇横店影视产业实验区商务楼,浙江省东阳市横店镇横店影视产业实验区商务楼,www.hengdianfilm.com,2017/10/12
185526 ,36728 ,19.8%,台州市,临海市花园工业区,伟星股份,浙江伟星实业发展股份有限公司,服装与服饰,伟星股份(002003),浙江省临海市花园工业区,浙江省临海市花园工业区,www.weixing.cn,2004/6/25
368922 ,36665 ,9.9%,绍兴市,上虞区,阳光照明,浙江阳光照明电器集团股份有限公司,耐用消费品,阳光照明(600261),浙江省绍兴市上虞区凤山路485号,浙江省绍兴市上虞区凤山路485号,www.yankon.com,2000/7/20
623984 ,35912 ,5.8%,杭州市,西湖区,亚厦股份,浙江亚厦装饰股份有限公司,建筑施工,亚厦股份(002375),浙江省上虞市章镇工业新区,浙江省杭州市西湖区沙秀路99号亚厦中心A座,www.chinayasha.com,2010/3/23
249432 ,35579 ,14.3%,温州市,乐清市,金龙机电,金龙机电股份有限公司,电子电气组件与设备,金龙机电(300032),浙江省乐清市北白象镇进港大道边金龙科技园,浙江省温州市乐清市北白象镇进港大道边金龙科技园,www.kotl.com.cn,2009/12/25
249732 ,35496 ,14.2%,杭州市,西湖区,华策影视,浙江华策影视股份有限公司,广播与娱乐,华策影视(300133),浙江省杭州市文二西路683号西溪创意产业园C-C座,浙江省杭州市西湖区文二西路683号西溪创意产业园C-C座,www.huacemedia.com,2010/10/26
124008 ,35312 ,28.5%,嘉兴市,海宁市,海宁皮城,海宁中国皮革城股份有限公司,百货零售,海宁皮城(002344),浙江省海宁市海州西路201号,浙江省海宁市海州西路201号,www.zgpgc.com,2010/1/26
166265 ,35168 ,21.2%,杭州市,滨江区,聚光科技,聚光科技(杭州)股份有限公司,电子设备,聚光科技(300203),浙江省杭州市滨江区滨安路760号,浙江省杭州市滨江区阡陌路459号,www.fpi-inc.com,2011/4/15
282013 ,34669 ,12.3%,杭州市,滨江区,金圆股份,金圆水泥股份有限公司,建材与构件,金圆股份(000546),吉林省长春市净月开发区中信城枫丹白露一期3栋906室,浙江省杭州市滨江区江虹路1750号润和信雅达创意中心1号楼22楼,--,1993/12/15
371381 ,34636 ,9.3%,湖州市,和孚镇工业园区,尤夫股份,浙江尤夫高新纤维股份有限公司,通用化工品,尤夫股份(002427),浙江省湖州市和孚镇工业园区,浙江省湖州市和孚镇工业园区,www.unifull.com,2010/6/8
68430 ,34171 ,49.9%,绍兴市,新昌省级高新技术园区,美盛文化,美盛文化创意股份有限公司,广播与娱乐,美盛文化(002699),浙江省绍兴市新昌省级高新技术园区内（南岩）,浙江省绍兴市新昌省级高新技术园区内（南岩）,www.chinarising.com.cn,2012/9/11
172173 ,33928 ,19.7%,台州市,椒江区,海翔药业,浙江海翔药业股份有限公司,制药,海翔药业(002099),浙江省台州市椒江区外沙支路100号,浙江省台州市椒江区外沙支路100号,www.hisoar.com,2006/12/26
1255857 ,33286 ,2.7%,嘉兴市,南湖区,闻泰科技,闻泰科技股份有限公司,通讯设备,闻泰科技(600745),湖北省黄石市团城山6号小区,浙江省嘉兴市南湖区亚中路777号,http://www.wingtech.com,1996/8/28
303437 ,32959 ,10.9%,温州市,瑞安市,华峰氨纶,浙江华峰氨纶股份有限公司,通用化工品,华峰氨纶(002064),浙江省瑞安市莘塍工业园区,浙江省瑞安经济开发区开发区大道1788号,www.spandex.com.cn,2006/8/23
201813 ,32876 ,16.3%,嘉兴市,秀洲区,台华新材,浙江台华新材料股份有限公司,服装与服饰,台华新材(603055),浙江省嘉兴市秀洲区王店镇工业园区,浙江省嘉兴市秀洲区王店镇工业园区,www.textaihua.com,2017/9/21
151741 ,32359 ,21.3%,台州市,椒江区,水晶光电,浙江水晶光电科技股份有限公司,电子电气组件与设备,水晶光电(002273),浙江省台州市椒江区星星电子产业区A5号,浙江省台州市椒江区三甲街道开发大道东段2198号,www.crystal-optech.com,2008/9/19
247615 ,31501 ,12.7%,杭州市,富阳市,富春环保,浙江富春江环保热电股份有限公司,电力（IV）,富春环保(002479),浙江省富阳市灵桥镇春永路188号,浙江省富阳市灵桥镇春永路188号,www.zhefuet.com,2010/9/21
189104 ,31497 ,16.7%,台州市,临海市,永太科技,浙江永太科技股份有限公司,特种化工品,永太科技(002326),浙江省化学原料药基地临海园区东海第五大道1号,浙江省化学原料药基地临海园区,www.yongtaitech.com,2009/12/22
118579 ,31447 ,26.5%,杭州市,萧山区,金科文化,浙江金科文化产业股份有限公司,通用化工品,金科文化(300459),浙江省杭州湾上虞经济技术开发区,浙江省杭州市萧山区钱江世纪城平澜路299号浙江商会大厦36层,www.jinkeculture.com,2015/5/15
309062 ,31368 ,10.1%,台州市,天台县,银轮股份,浙江银轮机械股份有限公司,汽车零配件（IV）,银轮股份(002126),浙江省天台县福溪街道始丰东路8号,浙江省天台县福溪街道交通运输机械工业园区,www.yinlun.com,2007/4/18
165058 ,31350 ,19.0%,杭州市,滨江区,恒生电子,恒生电子股份有限公司,软件,恒生电子(600570),浙江省杭州市滨江区江南大道3588号恒生大厦11层,浙江省杭州市滨江区江南大道3588号恒生大厦,www.hundsun.com,2003/12/16
338989 ,31269 ,9.2%,衢州市,江山市,江山化工,浙江江山化工股份有限公司,特种化工品,江山化工(002061),浙江省江山市景星东路38号,浙江省江山市景星东路38号,www.jiangshanchem.com,2006/8/16
149026 ,31058 ,20.8%,平湖市,经济开发区,荣晟环保,浙江荣晟环保纸业股份有限公司,造纸,荣晟环保(603165),浙江省平湖市经济开发区镇南东路588号,浙江省平湖市经济开发区镇南东路588号,www.rszy.com,2017/1/17
135249 ,30966 ,22.9%,宁波市,国家高新区,宁波韵升,宁波韵升股份有限公司,工业机械,宁波韵升(600366),浙江省宁波市江东民安路348号,浙江省宁波市国家高新区扬帆路1号,www.yunsheng.com,2000/10/30
295148 ,30962 ,10.5%,湖州市,德清县,兔宝宝,德华兔宝宝装饰新材股份有限公司,建材与构件,兔宝宝(002043),浙江省德清县洛舍镇工业区,浙江省德清县武康镇临溪街588号,www.tubaobao.com,2005/5/10
405122 ,30729 ,7.6%,杭州市,下城区,杭州解百,杭州解百集团股份有限公司,百货零售,杭州解百(600814),浙江省杭州市上城区解放路251号,浙江省杭州市下城区环城北路208号坤和中心36-37楼,www.jiebai.com,1994/1/14
817631 ,30377 ,3.7%,台州市,椒江区,海正药业,浙江海正药业股份有限公司,制药,海正药业(600267),浙江省台州市椒江区外沙路46号,浙江省台州市椒江区外沙路46号,www.hisunpharm.com,2000/7/25
107895 ,30373 ,28.2%,嘉兴市,海宁市,兄弟科技,兄弟科技股份有限公司,通用化工品,兄弟科技(002562),浙江省海宁市周王庙镇联民村蔡家石桥3号,浙江省海宁市海洲街道学林街1号,www.brother.com.cn,2011/3/10
234058 ,30015 ,12.8%,绍兴市,诸暨市,露笑科技,露笑科技股份有限公司,有色金属,露笑科技(002617),浙江省诸暨市店口镇露笑路38号,浙江省诸暨市店口镇露笑路38号,www.roshowtech.com,2011/9/20
72347 ,29954 ,41.4%,杭州市,西湖区,钱江水利,钱江水利开发股份有限公司,水务,钱江水利(600283),浙江省杭州市三台山路3号,浙江省杭州市三台山路3号,www.qjwater.com,2000/10/18
117495 ,29795 ,25.4%,杭州市,滨江区,泰格医药,杭州泰格医药科技股份有限公司,医疗保健服务,泰格医药(300347),浙江省杭州市滨江区江南大道618号东冠大厦1502-1,浙江省杭州市滨江区江南大道618号东冠大厦15-16层,www.tigermed.net,2012/8/17
238630 ,29748 ,12.5%,宁波市,海曙区,宁波富达,宁波富达股份有限公司,不动产投资开发,宁波富达(600724),浙江省余姚市阳明西路355号,浙江省宁波市海曙区解放南路208号建设大厦18-19楼,www.fuda.com,1996/7/16
298289 ,29677 ,9.9%,宁波市,宁海县,双林股份,宁波双林汽车部件股份有限公司,汽车零配件（IV）,双林股份(300100),浙江省宁波市宁海县西店镇潢溪口,浙江省宁波市宁海县西店镇潢溪口,www.shuanglin.cn,2010/8/6
227836 ,29249 ,12.8%,温州市,永嘉县瓯北镇东瓯工业区,红蜻蜓,江红蜻蜓鞋业股份有限公司,鞋类,红蜻蜓(603116),浙江省温州市永嘉县瓯北镇东瓯工业区王家圩路,浙江省温州市永嘉县瓯北镇东瓯工业区王家圩路,www.cnhqt.com,2015/6/29
635361 ,29054 ,4.6%,杭州市,西湖区,南都电源,浙江南都电源动力股份有限公司,电子电气组件与设备,南都电源(300068),浙江省临安市青山湖街道景观大道72号,浙江省杭州市紫荆花路50号A座9楼,www.naradapower.com,2010/4/21
105682 ,28306 ,26.8%,绍兴市,上虞区,卧龙地产,卧龙地产集团股份有限公司,不动产投资开发,卧龙地产(600173),浙江省绍兴市上虞区经济开发区,浙江省绍兴市上虞区经济开发区人民西路1801号,www.wolong-Re.com,1999/4/15
154596 ,27964 ,18.1%,绍兴市,新昌县,京新药业,浙江京新药业股份有限公司,制药,京新药业(002020),浙江省新昌县羽林街道新昌大道东路800号,浙江省新昌县羽林街道新昌大道东路800号,www.jingxinpharm.com,2004/7/15
292295 ,27874 ,9.5%,湖州市,吴兴区,永兴特钢,永兴特种不锈钢股份有限公司,钢铁,永兴特钢(002756),浙江省湖州市杨家埠,浙江省湖州市杨家埠,www.yongxingbxg.com,2015/5/15
211539 ,27871 ,13.2%,台州市,椒江区,杰克股份,杰克缝纫机股份有限公司,工业机械,杰克股份(603337),浙江省台州市椒江区机场南路15号,浙江省台州市椒江区机场南路15号,www.chinajack.com,2017/1/19
233203 ,27692 ,11.9%,嘉兴市,海宁市马桥镇经编产业园区,海利得,浙江海利得新材料股份有限公司,通用化工品,海利得(002206),浙江省海宁市马桥镇经编园区内,浙江省海宁市马桥镇经编产业园区新民路18号,www.halead.com,2008/1/23
244823 ,27248 ,11.1%,杭州市,淳安县,康盛股份,浙江康盛股份有限公司,工业机械,康盛股份(002418),浙江省杭州市淳安县千岛湖镇康盛路268号,浙江省杭州市淳安县千岛湖镇康盛路268号,www.kasun.cn,2010/6/1
86588 ,26832 ,31.0%,湖州市,德清县,浙江鼎力,浙江鼎力机械股份有限公司,工业机械,浙江鼎力(603338),浙江省德清县雷甸镇白云南路1255号,浙江省德清县雷甸镇白云南路1255号,www.cndingli.com,2015/3/25
131174 ,26392 ,20.1%,宁波市,北仑区,继峰股份,宁波继峰汽车零部件股份有限公司,汽车零配件（IV）,继峰股份(603997),浙江省宁波市北仑区大?\璎珞河路17号,浙江省宁波市北仑区大?\璎珞河路17号,www.nb-jf.com,2015/3/2
465023 ,26388 ,5.7%,杭州市,下城区,杭氧股份,杭州杭氧股份有限公司,工业机械,杭氧股份(002430),浙江省临安市青山湖街道东环路99号,浙江省杭州市下城区中山北路592号弘元大厦,www.hangyang.com,2010/6/10
125747 ,26229 ,20.9%,杭州市,余杭区,晶盛机电,浙江晶盛机电股份有限公司,工业机械,晶盛机电(300316),浙江省绍兴市上虞区通江西路218号,浙江省杭州市余杭区五常街道创智天地中心2号楼10楼,www.jsjd.cc,2012/5/11
459592 ,25635 ,5.6%,宁波市,北仑区,宁波联合,宁波联合集团股份有限公司,综合供应商,宁波联合(600051),浙江省宁波经济技术开发区东海路1号联合大厦,浙江省宁波开发区东海路1号联合大厦,www.nug.com.cn,1997/4/10
421796 ,23867 ,5.7%,宁波市,鄞州区,博威合金,宁波博威合金材料股份有限公司,有色金属,博威合金(601137),浙江省宁波市鄞州区云龙镇太平桥,浙江省宁波市鄞州区鄞州大道东段1777号博威大厦11楼,www.pwalloy.com,2011/1/27
206527 ,23829 ,11.5%,杭州市,西湖区,浙大网新,浙大网新科技股份有限公司,计算机服务,浙大网新(600797),浙江省杭州市西湖区三墩镇西园一路18号浙大网新软件园A楼1501室,浙江省杭州市西园一路18号浙大网新软件园A楼15层,www.insigma.com.cn,1997/4/18
99604 ,23599 ,23.7%,嘉兴市,海宁市海宁经济开发区,安正时尚,安正时尚集团股份有限公司,服装与服饰,安正时尚(603839),浙江省海宁市海宁经济开发区谷水路298号,浙江省海宁市海宁经济开发区谷水路298号,www.anzhenggroup.com,2017/2/14
48777 ,23584 ,48.4%,金华市,婺城新区,艾格拉斯,艾格拉斯股份有限公司,互联网,艾格拉斯(002619),浙江省金华市婺城新区临江工业园区（白龙桥镇湖家）,浙江省金华市婺城新区临江工业园区（白龙桥镇湖家）,www.zjjlgy.com,2011/9/29
290609 ,23297 ,8.0%,台州市,黄岩区,联化科技,联化科技股份有限公司,特种化工品,联化科技(002250),浙江省台州市黄岩区江口经济开发区永椒路8号,浙江省台州市黄岩区劳动北路总商会大厦17楼,www.lianhetech.com,2008/6/19
87015 ,22839 ,26.2%,杭州市,西湖区,通策医疗,通策医疗投资股份有限公司,医疗保健服务,通策医疗(600763),浙江省杭州市上城区平海路57号,浙江省杭州市灵溪北路21号合生国贸中心5号楼10楼,www.tcmedical.com.cn,1996/10/30
1199543 ,22822 ,1.9%,杭州市,萧山区,传化智联,传化智联股份有限公司,特种化工品,传化智联(002010),浙江省杭州市萧山经济技术开发区,浙江省杭州市萧山区民和路945号传化大厦16F,www.transfarchem.com,2004/6/29
129745 ,22766 ,17.5%,宁波市,鄞州工业园区,东睦股份,东睦新材料集团股份有限公司,有色金属,东睦股份(600114),浙江省宁波市鄞州工业园区（姜山）景江路8号,浙江省宁波市鄞州工业园区（姜山）景江路8号,www.pm-china.com,2004/5/11
547600 ,22736 ,4.2%,杭州市,建德市,新安股份,浙江新安化工集团股份有限公司,特种化工品,新安股份(600596),浙江省建德市江滨中路新安大厦1号,浙江省建德市江滨中路新安大厦1号,www.wynca.com,2001/9/6
227299 ,22498 ,9.9%,温州市,永嘉县,奥康国际,浙江奥康鞋业股份有限公司,鞋类,奥康国际(603001),浙江省永嘉县瓯北镇东瓯工业区奥康工业园,浙江省永嘉县瓯北镇千石工业区奥康工业园,www.aokang.com,2012/4/26
171824 ,22443 ,13.1%,台州市,椒江区,信质电机,信质电机股份有限公司,工业机械,信质电机(002664),浙江省台州市椒江区前所信质路28号,浙江省台州市椒江区前所信质路28号,www.chinaxinzhi.com,2012/3/16
973245 ,22244 ,2.3%,宁波市,江东区,宁波建工,宁波建工股份有限公司,建筑施工,宁波建工(601789),浙江省宁波市鄞州区兴宁路46号,浙江省宁波市江东区宁穿路538号,www.jiangong.com.cn,2011/8/16
44889 ,21817 ,48.6%,杭州市,滨江区,天夏智慧,天夏智慧城市科技股份有限公司,软件与计算机服务,天夏智慧(000662),广西壮族自治区梧州市新兴二路137号,浙江省杭州市滨江区六和路368号1幢北四楼A4068室,www.txgis.com,1996/12/16
104049 ,21608 ,20.8%,杭州市,余杭区,银都股份,银都餐饮设备股份有限公司,商业辅助服务,银都股份(603277),浙江省杭州市余杭区星桥街道星星路1号,浙江省杭州市余杭区星桥街道星星路1号,www.yinduchina.com,2017/9/11
183995 ,21392 ,11.6%,杭州市,西湖区,双环传动,浙江双环传动机械股份有限公司,工业机械,双环传动(002472),浙江省玉环县机电产业功能区盛园路1号,浙江省杭州市西湖区古墩路702号赞宇大厦12楼,www.gearsnet.com,2010/9/10
211124 ,21304 ,10.1%,嘉兴市,嘉善经济开发区,晋亿实业,晋亿实业股份有限公司,工业机械,晋亿实业(601002),浙江省嘉兴市嘉善经济开发区晋亿大道8号,浙江省嘉兴市嘉善经济开发区晋亿大道8号,www.GEM-YEAR.com,2007/1/26
204742 ,21212 ,10.4%,绍兴市,越城区,喜临门,喜临门家具股份有限公司,家具,喜临门(603008),浙江省绍兴市越城区灵芝镇二环北路1号,浙江省绍兴市越城区灵芝镇二环北路1号,www.chinabed.com,2012/7/17
65510 ,20878 ,31.9%,嘉兴市,海宁市袁花镇谈桥81号(海宁市,浙江美大,浙江美大实业股份有限公司,耐用消费品,浙江美大(002677),浙江省海宁市袁花镇谈桥81号(海宁市东西大道60KM),浙江省海宁市袁花镇谈桥81号(海宁市东西大道60KM),www.meida.com,2012/5/25
184013 ,20867 ,11.3%,嘉兴市,桐乡市,新澳股份,浙江新澳纺织股份有限公司,服装与服饰,新澳股份(603889),浙江省桐乡市崇福镇观庄桥,浙江省桐乡市崇福镇观庄桥,www.chinaxinaogroup.com,2014/12/31
431280 ,20768 ,4.8%,宁波市,海曙区,太平鸟,宁波太平鸟时尚服饰股份有限公司,服装与服饰,太平鸟(603877),浙江省宁波市海曙环城西路南段826号,浙江省宁波市海曙环城西路南段826号,www.peacebird.com,2017/1/9
135694 ,20454 ,15.1%,绍兴市,诸暨市,浙江富润,浙江富润股份有限公司,服装与服饰,浙江富润(600070),浙江省诸暨市暨阳街道苎萝东路60号,浙江省诸暨市陶朱南路12号,www.furun.net,1997/6/4
118863 ,20343 ,17.1%,宁波市,鄞州区,美康生物,美康生物科技股份有限公司,制药,美康生物(300439),浙江省宁波市鄞州区启明南路299号,浙江省宁波市鄞州区启明南路299号,www.nbmedicalsystem.com,2015/4/22
96995 ,20301 ,20.9%,杭州市,江干区,金卡智能,金卡智能集团股份有限公司,工业机械,金卡智能(300349),浙江省温州市乐清经济开发区纬十七路291号,浙江省杭州经济技术开发区金乔街158号,www.china-goldcard.com,2012/8/17
301633 ,20279 ,6.7%,杭州市,上城区,思美传媒,思美传媒股份有限公司,媒介代理,思美传媒(002712),浙江省杭州市南复路59号,浙江省杭州市南复路59号,www.simei.cc,2014/1/23
133196 ,20231 ,15.2%,宁波市,鄞州区,日月股份,日月重工股份有限公司,工业机械,日月股份(603218),浙江省宁波市鄞州区东吴镇北村村,浙江省宁波市鄞州区东吴镇北村村,www.riyuehi.com,2016/12/28
256168 ,20160 ,7.9%,杭州市,上城区,广宇集团,广宇集团股份有限公司,不动产投资开发,广宇集团(002133),浙江省杭州市平海路8号,浙江省杭州市平海路8号,www.cosmosgroup.com.cn,2007/4/27
305039 ,20140 ,6.6%,台州市,临海市,浙江永强,浙江永强集团股份有限公司,家具,浙江永强(002489),浙江省临海市前江南路1号,浙江省临海市前江南路1号,www.yotrio.com,2010/10/21
76828 ,20008 ,26.0%,杭州市,余杭经济技术开发区,贝达药业,贝达药业股份有限公司,制药,贝达药业(300558),浙江省杭州市余杭经济技术开发区红丰路589号,浙江省杭州市余杭经济技术开发区红丰路589号,www.bettapharma.com,2016/11/7
1393504 ,19812 ,1.4%,杭州市,滨江区,英特集团,浙江英特集团股份有限公司,药品零售,英特集团(000411),浙江省杭州市下城区东新路江南巷2号3幢,浙江省杭州市滨江区江南大道96号?中化大厦,www.intmedic.com,1996/7/16
142554 ,19423 ,13.6%,湖州市,安吉县,恒林股份,浙江恒林椅业股份有限公司,家具,恒林股份(603661),浙江省安吉县递铺街道夹溪路378、380号,浙江省安吉县递铺街道夹溪路378、380号,www.henglin.com,2017/11/21
230045 ,19216 ,8.4%,台州市,路桥区,腾达建设,腾达建设集团股份有限公司,建筑施工,腾达建设(600512),浙江省台州市路桥区路桥大道东1号,浙江省台州市路桥区路桥大道东1号,www.tengdajs.com,2002/12/26
198879 ,18687 ,9.4%,台州市,仙居县,仙琚制药,浙江仙琚制药股份有限公司,制药,仙琚制药(002332),浙江省仙居县仙药路1号,浙江省仙居县仙药路1号,www.xjpharma.com,2010/1/12
85974 ,18519 ,21.5%,宁波市,鄞州区,宁波高发,宁波高发汽车控制系统股份有限公司,汽车,宁波高发(603788),浙江省宁波市鄞州投资创业中心（下应北路717号）,浙江省宁波市鄞州投资创业中心（下应北路717号）,www.gaofacable.com,2015/1/20
53789 ,18423 ,34.3%,宁波市,北仑区,旭升股份,宁波旭升汽车技术股份有限公司,汽车零配件（IV）,旭升股份(603305),浙江省宁波市北仑区沿山河北路68号,浙江省宁波市北仑区沿山河北路68号,www.nbxus.com,2017/7/10
397425 ,18334 ,4.6%,金华市,东阳市,普洛药业,普洛药业股份有限公司,制药,普洛药业(000739),浙江省东阳市横店江南路333号,浙江省东阳市横店江南路333号,www.apeloa.com,1997/5/9
49518 ,17929 ,36.2%,宁波市,保税区,理工环科,宁波理工环境能源科技股份有限公司,电子电气组件与设备,理工环科(002322),浙江省宁波市保税区曹娥江路22号,浙江省宁波市保税区曹娥江路22号,www.lgom.com.cn,2009/12/18
113093 ,17331 ,15.3%,宁波市,余姚市阳明科技工业园区,大丰实业,浙江大丰实业股份有限公司,电子设备,大丰实业(603081),浙江省余姚市阳明科技工业园区新建北路737号,浙江省余姚市阳明科技工业园区新建北路737号,www.chinadafeng.com,2017/4/20
29362 ,17292 ,58.9%,湖州市,德清县,我武生物,浙江我武生物科技股份有限公司,医药与生物科技,我武生物(300357),浙江省湖州市德清县武康镇志远北路636号,浙江省湖州市德清县武康镇志远北路636号,www.wolwobiotech.com,2014/1/21
29155 ,17283 ,59.3%,金华市,工业园区,金字火腿,金字火腿股份有限公司,食品生产（IV）,金字火腿(002515),浙江省金华市工业园区金帆街1000号,浙江省金华市工业园区金帆街1000号,www.jinzichina.com,2010/12/3
82448 ,17136 ,20.8%,绍兴市,绍兴县,亚太药业,浙江亚太药业股份有限公司,制药,亚太药业(002370),浙江省绍兴市柯桥区云集路1152号,浙江省绍兴市云集路1152号,www.ytyaoye.com,2010/3/16
304390 ,16992 ,5.6%,金华市,东阳市横店工业区,得邦照明,横店集团得邦照明股份有限公司,电子与电气设备,得邦照明(603303),浙江省东阳市横店工业区,浙江省东阳市横店工业区,www.tospolighting.com.cn,2017/3/30
108962 ,16980 ,15.6%,台州市,温岭市大溪镇大洋城工业区,新界泵业,浙江新界泵业股份有限公司,工业机械,新界泵业(002532),浙江省温岭市大溪镇大洋城工业区,浙江省温岭市大溪镇大洋城工业区,www.shimge.com,2010/12/31
50398 ,16963 ,33.7%,杭州市,江干区,华铁科技,浙江华铁建筑安全科技股份有限公司,建筑施工,华铁科技(603300),浙江省杭州市江干区九盛路9号A05幢4层,浙江省杭州市江干区九盛路9号A05幢4层,www.zjhuatie.cn,2015/5/29
70260 ,16952 ,24.1%,平湖市,经济开发区,莎普爱思,浙江莎普爱思药业股份有限公司,制药,莎普爱思(603168),浙江省平湖市经济开发区新明路1588号,浙江省平湖市经济开发区新明路1588号,www.zjspas.com,2014/7/2
50375 ,16436 ,32.6%,杭州市,拱墅区,中亚股份,杭州中亚机械股份有限公司,工业机械,中亚股份(300512),浙江省杭州市拱墅区方家埭路189号,浙江省杭州市拱墅区方家埭路189号,www.zhongyagroup.com/,2016/5/26
391830 ,16417 ,4.2%,绍兴市,上虞市,浙江医药,浙江医药股份有限公司,制药,浙江医药(600216),浙江省绍兴市滨海新城致远中大道168号,浙江省绍兴市滨海新城马欢路398号科创园A楼（综合楼）3层,www.china-zmc.com,1999/10/21
46228 ,16198 ,35.0%,杭州市,萧山经济技术开发区,兆丰股份,浙江兆丰机电股份有限公司,汽车零配件（IV）,兆丰股份(300695),浙江省杭州市萧山经济技术开发区桥南区块兆丰路6号,浙江省杭州市萧山经济技术开发区桥南区块兆丰路6号,www.hzfb.com,2017/9/8
3309676 ,16008 ,0.5%,杭州市,下城区,浙商中拓,浙商中拓集团股份有限公司,综合供应商,浙商中拓(000906),湖南省长沙市芙蓉区五一大道235号湘域中央1栋401号,浙江省杭州市下城区文晖路303号浙江交通集团大厦,www.zmd.com.cn,1999/7/7
117688 ,15910 ,13.5%,宁波市,江北区,宁波海运,宁波海运股份有限公司,水上运输,宁波海运(600798),浙江省宁波市北岸财富中心1幢,浙江省宁波市北岸财富中心1幢,www.nbmc.com.cn,1997/4/23
36306 ,15895 ,43.8%,杭州市,滨江区,电魂网络,杭州电魂网络科技股份有限公司,互联网,电魂网络(603258),浙江省杭州市滨江区西兴街道滨安路435号,浙江省杭州市滨江区西兴街道滨安路435号,www.dianhun.cn,2016/10/26
60637 ,15612 ,25.7%,绍兴市,诸暨市,创新医疗,创新医疗管理股份有限公司,医疗保健服务,创新医疗(002173),浙江省诸暨市山下湖镇郑家湖村,浙江省诸暨市山下湖镇珍珠工业园,"www.shanxiahupearl.cn,www.shanxiahu.com",2007/9/25
69402 ,15308 ,22.1%,湖州市,安吉县,洁美科技,浙江洁美电子科技股份有限公司,电子电气组件与设备,洁美科技(002859),浙江省安吉经济开发区阳光工业园区,浙江省安吉经济开发区阳光工业园区,www.jmkj.com,2017/4/7
105740 ,15140 ,14.3%,宁波市,慈溪市,慈星股份,宁波慈星股份有限公司,工业机械,慈星股份(300307),浙江省慈溪市白沙路街道华东轻纺针织城三期6号楼,浙江省宁波杭州湾新区滨海四路708号,www.ci-xing.com,2012/3/29
72655 ,15121 ,20.8%,杭州市,余杭区,长城影视,长城影视股份有限公司,广播与娱乐,长城影视(002071),江苏省张家港市大新镇人民路128号,浙江省杭州市文二西路西溪文化创意园长城影视证券部,www.chinaccys.com,2006/10/12
78107 ,14949 ,19.1%,宁波市,奉化市,鲍斯股份,宁波鲍斯能源装备股份有限公司,工业机械,鲍斯股份(300441),浙江省奉化市西坞街道尚桥路18号,浙江省奉化市西坞街道尚桥路18号,www.cnbaosi.com,2015/4/23
49559 ,14242 ,28.7%,台州市,仙居县现代工业集聚区,浙江仙通,浙江仙通橡塑股份有限公司,汽车与零配件（II）,浙江仙通(603239),浙江省台州市仙居县现代工业集聚区,浙江省台州市仙居县现代工业集聚区,www.zjxiantong.com,2016/12/30
77188 ,14184 ,18.4%,台州市,温岭市泽国镇丹崖工业区,大元泵业,浙江大元泵业股份有限公司,专业零售,大元泵业(603757),浙江省温岭市泽国镇丹崖工业区,浙江省温岭市泽国镇丹崖工业区,www.cnpumps.com,2017/7/11
61923 ,14120 ,22.8%,绍兴市,绍兴县,三力士,三力士股份有限公司,工业机械,三力士(002224),浙江省绍兴县柯岩街道余渚村,浙江省绍兴县柯岩街道余渚村,www.v-belt.com,2008/4/25
156689 ,14014 ,8.9%,嘉兴市,海宁市,天通股份,天通控股股份有限公司,电子电气组件与设备,天通股份(600330),浙江省海宁市盐官镇建设路1号,浙江省海宁经济开发区双联路129号,www.tdgcore.com,2001/1/18
130056 ,13877 ,10.7%,杭州市,西湖区,银江股份,银江股份有限公司,计算机服务,银江股份(300020),浙江省杭州市益乐路223号1幢1层,浙江省杭州市西湖区西湖经济科技园西园八路2号,www.enjoyor.net,2009/10/30
121313 ,13873 ,11.4%,杭州市,西湖区,珀莱雅,珀莱雅化妆品股份有限公司,化工品（II）,珀莱雅(603605),浙江省杭州市西湖区世贸丽晶城欧美中心1号楼（D区）1605室,浙江省杭州市西湖区世贸丽晶城欧美中心1号楼（D区）1605室,www.proya-group.com,2017/11/15
96290 ,13845 ,14.4%,台州市,路桥区,亿利达,浙江亿利达风机股份有限公司,工业机械,亿利达(002686),浙江省台州市路桥区横街镇亿利达路,浙江省台州市路桥区横街镇亿利达路,www.yilida.com,2012/7/3
89702 ,13791 ,15.4%,丽水市,青田县,起步股份,起步股份有限公司,服装与服饰,起步股份(603557),浙江省青田县油竹新区侨乡工业园区赤岩3号,浙江省青田县油竹新区侨乡工业园区赤岩3号,www.twabc.com.cn,2017/8/18
118674 ,13736 ,11.6%,绍兴市,越城区,古越龙山,浙江古越龙山绍兴酒股份有限公司,酿酒业,古越龙山(600059),浙江省绍兴市北海桥,浙江省绍兴市北海桥,www.shaoxingwine.com.cn,1997/5/16
84903 ,13638 ,16.1%,台州市,天台县,永贵电器,浙江永贵电器股份有限公司,电子电气组件与设备,永贵电器(300351),浙江省天台县白鹤镇东园路5号（西工业区）,浙江省天台县白鹤镇东园路5号（西工业区）,www.yonggui.com,2012/9/20
123429 ,13612 ,11.0%,台州市,椒江区,九洲药业,浙江九洲药业股份有限公司,制药,九洲药业(603456),浙江省台州市椒江区外沙工业区,浙江省台州市椒江区外沙工业区,www.jiuzhoupharma.com,2014/10/10
75902 ,13611 ,17.9%,绍兴市,柯桥区,会稽山,会稽山绍兴酒股份有限公司,酿酒业,会稽山(601579),浙江省绍兴市柯桥区湖塘街道杨绍路2579号,浙江省绍兴市柯桥区湖塘街道杨绍路2579号,www.kuaijishanwine.com,2014/8/25
321646 ,13574 ,4.2%,台州市,黄岩区,永高股份,永高股份有限公司,通用化工品,永高股份(002641),浙江省台州市黄岩经济开发区埭西路2号,浙江省台州市黄岩区黄椒路555号永高双浦新厂区,www.yonggao.com；www.era.com.cn,2011/12/8
296173 ,13249 ,4.5%,杭州市,江干区,杭电股份,杭州电缆股份有限公司,电子电气组件与设备,杭电股份(603618),浙江省杭州经济技术开发区6号大街68-1,浙江省杭州经济技术开发区6号大街68-1,www.hzcables.com,2015/2/17
152301 ,13012 ,8.5%,湖州市,长兴县,诺力股份,诺力智能装备股份有限公司,汽车,诺力股份(603611),浙江省长兴县太湖街道长州路528号,浙江省长兴县太湖街道长州路528号,www.noblelift.com,2015/1/28
52881 ,12754 ,24.1%,金华市,东阳市,唐德影视,浙江唐德影视股份有限公司,广播与娱乐,唐德影视(300426),浙江省横店影视产业实验区C3-028,浙江省横店影视产业实验区C3-028,www.tangde.com.cn,2015/2/17
128622 ,12578 ,9.8%,宁波市,江东区,宁波热电,宁波热电股份有限公司,综合公共事业,宁波热电(600982),浙江省宁波经济技术开发区大港工业城,浙江省宁波市江东区昌乐路187号发展大厦B座7F,www.nbtp.com.cn,2004/7/6
88297 ,12330 ,14.0%,台州市,黄岩江口化工开发区,天宇股份,浙江天宇药业股份有限公司,制药,天宇股份(300702),浙江省台州市黄岩江口化工开发区,浙江省台州市黄岩江口化工开发区,www.tianyupharm.com,2017/9/19
70821 ,12262 ,17.3%,杭州市,余杭区,炬华科技,杭州炬华科技股份有限公司,电子电气组件与设备,炬华科技(300360),浙江省杭州市余杭区仓前街道龙潭路9号,浙江省杭州市余杭区仓前街道龙潭路9号,www.sunrisemeter.com,2014/1/21
214684 ,12258 ,5.7%,台州市,温岭市经济开发区,爱仕达,浙江爱仕达电器股份有限公司,耐用消费品,爱仕达(002403),浙江省温岭市经济开发区科技路2号,浙江省温岭市经济开发区科技路2号,www.chinaasd.com,2010/5/11
266830 ,12141 ,4.5%,湖州市,吴兴区,金洲管道,浙江金洲管道科技股份有限公司,工业机械,金洲管道(002443),浙江省湖州市东门十五里牌（318国道旁）,浙江省湖州市吴兴区八里店区府南路388号,www.chinakingland.com,2010/7/6
31017 ,11967 ,38.6%,金华市,东阳市,花园生物,浙江花园生物高科股份有限公司,食品生产（IV）,花园生物(300401),浙江省东阳市南马镇花园村,浙江省东阳市南马镇花园村,www.hybiotech.com,2014/10/9
98192 ,11895 ,12.1%,金华市,永康市,哈尔斯,浙江哈尔斯真空器皿股份有限公司,耐用消费品,哈尔斯(002615),浙江省永康经济开发区哈尔斯路1号,浙江省永康经济开发区哈尔斯路1号,www.haers.com,2011/9/9
165366 ,11582 ,7.0%,绍兴市,诸暨市店口镇工业区,万安科技,浙江万安科技股份有限公司,汽车零配件（IV）,万安科技(002590),浙江省诸暨市店口镇工业区,浙江省诸暨市店口镇工业区中央路188号,www.vie.com.cn,2011/6/10
111267 ,11452 ,10.3%,台州市,临海市城关两水开发区,万盛股份,浙江万盛股份有限公司,特种化工品,万盛股份(603010),浙江省临海市城关两水开发区,浙江省临海市城关两水开发区,www.ws-chem.com,2014/10/10
207785 ,11281 ,5.4%,嘉兴市,秀洲区,嘉欣丝绸,浙江嘉欣丝绸股份有限公司,服装与服饰,嘉欣丝绸(002404),浙江省嘉兴市中环西路588号,浙江省嘉兴市中环西路588号,www.jxsilk.cn,2010/5/11
120483 ,11139 ,9.2%,杭州市,下城区,华媒控股,浙江华媒控股股份有限公司,出版业,华媒控股(000607),浙江省杭州市下城区体育场路218号,浙江省杭州市下城区体育场路218号,www.000607.cn,1996/8/30
41863 ,11066 ,26.4%,嘉兴市,嘉善县,长盛轴承,浙江长盛滑动轴承股份有限公司,工业机械,长盛轴承(300718),浙江省嘉善县惠民街道鑫达路6号,浙江省嘉善县惠民街道鑫达路6号,www.csb.com.cn,2017/11/6
201578 ,10814 ,5.4%,杭州市,西湖区,士兰微,杭州士兰微电子股份有限公司,半导体,士兰微(600460),浙江省杭州市黄姑山路4号,浙江省杭州市黄姑山路4号,www.silan.com.cn,2003/3/11
130403 ,10797 ,8.3%,湖州市,安吉县,永艺股份,永艺家具股份有限公司,家具,永艺股份(603600),浙江省湖州市安吉县递铺镇永艺西路1号,浙江省湖州市安吉县递铺镇永艺西路1号,www.uechairs.com,2015/1/23
94817 ,10792 ,11.4%,宁波市,余姚市姚北工业新区,朗迪集团,浙江朗迪集团股份有限公司,通用化工品,朗迪集团(603726),浙江省宁波市余姚市姚北工业新区,浙江省宁波市余姚市姚北工业新区,www.langdi.com,2016/4/21
62541 ,10767 ,17.2%,台州市,温岭市,东音股份,浙江东音泵业股份有限公司,工业机械,东音股份(002793),浙江省温岭市大溪镇大石一级公路南侧,浙江省温岭市大溪镇大石一级公路南侧,www.doyin.com,2016/4/15
36556 ,10727 ,29.3%,杭州市,滨江区,远方信息,杭州远方光电信息股份有限公司,工业机械,远方信息(300306),浙江省杭州市滨江区滨康路669号1号楼,浙江省杭州市滨江区滨康路669号1号楼,www.everfine.cn,2012/3/29
80844 ,10695 ,13.2%,杭州市,余杭区,浙富控股,浙富控股集团股份有限公司,电子电气组件与设备,浙富控股(002266),浙江省桐庐县县城迎春南路177号浙富大厦25F,浙江省杭州市余杭区绿汀路21号浙富控股大厦,www.zhefu.cn,2008/8/6
73700 ,10686 ,14.5%,杭州市,拱墅区,思创医惠,思创医惠科技股份有限公司,电子设备,思创医惠(300078),浙江省杭州市莫干山路1418-25号(上城科技经济园),浙江省杭州市莫干山路1418-48号,www.century-cn.com,2010/4/30
108708 ,10642 ,9.8%,杭州市,萧山区,百合花,百合花集团股份有限公司,通用化工品,百合花(603823),浙江省杭州市萧山区临江工业园区农一场,浙江省杭州市萧山区临江工业园区农一场,www.lilygroup.cn,2016/12/20
286362 ,10641 ,3.7%,宁波市,海曙区,三江购物,三江购物俱乐部股份有限公司,百货零售,三江购物(601116),浙江省宁波市大榭开发区邻里中心,浙江省宁波市海曙区环城西路北段197号,www.sanjiang.com,2011/3/2
104206 ,10515 ,10.1%,台州市,开发区,南洋科技,浙江南洋科技股份有限公司,电子电气组件与设备,南洋科技(002389),浙江省台州市开发区开发大道388号,浙江省台州市开发区开发大道388号,www.nykj.cc,2010/4/13
62049 ,10382 ,16.7%,杭州市,余杭区,铁流股份,浙江铁流离合器股份有限公司,汽车与零配件（II）,铁流股份(603926),浙江省余杭区余杭经济开发区东湖北路958号,浙江省余杭区余杭经济开发区东湖北路958号,www.chinaclutch.com,2017/5/10
45348 ,10263 ,22.6%,嘉兴市,海盐县百步工业区,友邦吊顶,浙江友邦集成吊顶股份有限公司,建材与构件,友邦吊顶(002718),浙江省嘉兴市海盐县百步工业区北A区,浙江省嘉兴市海盐县百步工业区北A区,www.chinayoubang.com,2014/1/28
87789 ,10140 ,11.6%,温州市,乐清市,意华股份,温州意华接插件股份有限公司,通讯设备,意华股份(002897),浙江省乐清市翁??镇后西工业区,浙江省乐清市翁??镇后西工业区,www.czt.cn,2017/9/7
120206 ,10097 ,8.4%,绍兴市,上虞区,皇马科技,浙江皇马科技股份有限公司,化工品（II）,皇马科技(603181),浙江省绍兴市上虞区章镇工业新区,浙江省绍兴市上虞区章镇工业新区,www.huangma.com,2017/8/24
58120 ,10062 ,17.3%,嘉兴市,海宁市,晨丰科技,浙江晨丰科技股份有限公司,电子电气组件与设备,晨丰科技(603685),浙江省海宁市盐官镇杏花路4号,浙江省海宁市盐官镇杏花路4号,www.cnlampholder.com,2017/11/27
76090 ,9929 ,13.0%,杭州市,萧山经济开发区,健盛集团,浙江健盛集团股份有限公司,服装与服饰,健盛集团(603558),浙江省杭州市萧山经济开发区金一路111号,浙江省杭州市萧山经济开发区金一路111号,www.jasangroup.com,2015/1/27
68486 ,9816 ,14.3%,衢州市,江山市,欧派股份,江山欧派门业股份有限公司,家具,江山欧派(603208),浙江省江山市贺村镇淤头村淤达山自然村8号,浙江省江山市贺村镇淤头村淤达山自然村8号,www.oupaigroup.com,2017/2/10
24447 ,9808 ,40.1%,温州市,鹿城区,浙江东日,浙江东日股份有限公司,商业辅助服务,浙江东日(600113),浙江省温州市矮凳桥92号,浙江省温州市矮凳桥92号,www.dongri.com,1997/10/21
41833 ,9787 ,23.4%,湖州市,吴兴区,东尼电子,浙江东尼电子股份有限公司,计算机硬件,东尼电子(603595),浙江省湖州市吴兴区织里镇中华东路88号,浙江省湖州市吴兴区织里镇中华东路88号,www.tony-tech.com,2017/7/12
276733 ,9762 ,3.5%,杭州市,萧山区,亚太股份,浙江亚太机电股份有限公司,汽车零配件（IV）,亚太股份(002284),浙江省杭州市萧山区蜀山街道亚太路1399号,浙江省杭州市萧山区蜀山街道亚太路1399号,www.apg.cn,2009/8/28
199601 ,9737 ,4.9%,湖州市,南浔区,久立特材,浙江久立特材科技股份有限公司,钢铁,久立特材(002318),浙江省湖州市双林镇镇西,浙江省湖州市双林镇镇西,www.jiuli.com,2009/12/11
132071 ,9457 ,7.2%,杭州市,余杭区,春风动力,浙江春风动力股份有限公司,商用运载工具与车辆,春风动力(603129),浙江省杭州余杭区余杭经济技术开发区五洲路116号,浙江省杭州余杭区余杭经济技术开发区五洲路116号,www.cfmoto.com,2017/8/18
25350 ,9230 ,36.4%,杭州市,桐庐县富春江镇机械工业区,光启技术,光启技术股份有限公司,汽车零配件（IV）,光启技术(002625),浙江省桐庐县富春江镇俞赵工业功能区988号,浙江省杭州市桐庐县富春江镇机械工业区、广东省深圳市南山区高新中一道9号软件大厦三层,www.kc-t.cn,2011/11/3
165935 ,9112 ,5.5%,宁波市,海曙区,广博股份,广博集团股份有限公司,造纸,广博股份(002103),浙江省宁波市海曙区石?\街道车何,宁波市海曙区石?\街道车何,www.guangbo.net,2007/1/10
84452 ,9054 ,10.7%,绍兴市,新昌县,五洲新春,浙江五洲新春集团股份有限公司,工业机械,五洲新春(603667),浙江省新昌县七星街道泰坦大道199号,浙江省新昌县七星街道泰坦大道199号,www.xcc-zxz.com,2016/10/25
42028 ,9036 ,21.5%,杭州市,余杭经济开发区,微光股份,杭州微光电子股份有限公司,耐用消费品,微光股份(002801),浙江省杭州市余杭经济开发区兴中路365号,浙江省杭州市余杭经济开发区兴中路365号,www.wgmotor.com,2016/6/22
40446 ,9034 ,22.3%,绍兴市,诸暨市应店街镇工业区,金海环境,浙江金海环境技术股份有限公司,电子电气组件与设备,金海环境(603311),浙江省诸暨市应店街镇工业区,浙江省诸暨市应店街镇工业区,www.goldensea.cn,2015/5/18
166582 ,9013 ,5.4%,宁波市,高新区,围海股份,浙江省围海建设集团股份有限公司,建筑施工,围海股份(002586),浙江省宁波市高新区广贤路1009号,浙江省宁波市高新区广贤路1009号,www.zjwh.com.cn,2011/6/2
23113 ,8977 ,38.8%,嘉兴市,海盐县,恒锋工具,恒锋工具股份有限公司,工业机械,恒锋工具(300488),浙江省嘉兴市海盐县武原镇新桥北路239号,浙江省嘉兴市海盐县武原镇新桥北路239号,www.esttools.com,2015/7/1
91221 ,8968 ,9.8%,宁波市,宁海县,奇精机械,奇精机械股份有限公司,电子与电气设备,奇精机械(603677),浙江省宁海县跃龙街道气象北路289号,浙江省宁海县跃龙街道气象北路289号,www.qijing-m.com,2017/2/6
537343 ,8912 ,1.7%,杭州市,萧山区,东南网架,浙江东南网架股份有限公司,建筑施工,东南网架(002135),浙江省杭州市萧山区衙前镇,浙江省杭州市萧山区衙前镇,www.dongnanwangjia.com,2007/5/30
328984 ,8847 ,2.7%,金华市,义乌市义亭镇姑塘工业小区,华统股份,浙江华统肉制品股份有限公司,农业与渔业,华统股份(002840),浙江省义乌市义亭镇姑塘工业小区,浙江省义乌市义亭镇姑塘工业小区,www.huatongmeat.com,2017/1/10
412378 ,8816 ,2.1%,台州市,椒江区,中新科技,中新科技集团股份有限公司,计算机硬件,中新科技(603996),浙江省台州市椒江区工人西路618-2号,浙江省台州市椒江区工人西路618-2号,www.cncoptronics.cn,2015/12/22
22278 ,8703 ,39.1%,绍兴市,嵊州市,新光药业,浙江新光药业股份有限公司,制药,新光药业(300519),浙江省嵊州市剡湖街道环城西路25号,浙江省嵊州市剡湖街道环城西路25号,www.xgpharma.com,2016/6/24
189113 ,8695 ,4.6%,杭州市,拱墅区,天马股份,天马轴承集团股份有限公司,工业机械,天马股份(002122),浙江省杭州市拱墅区石祥路202号,浙江省杭州市拱墅区石祥路202号,www.zjtmb.com,2007/3/28
87852 ,8589 ,9.8%,丽水市,天宁工业区,方正电机,浙江方正电机股份有限公司,工业机械,方正电机(002196),浙江省丽水市莲都区水阁工业区石牛路73号,浙江省丽水市天宁工业区24号,www.fdm.com.cn,2007/12/12
165869 ,8525 ,5.1%,衢州市,经济开发区,开山股份,浙江开山压缩机股份有限公司,工业机械,开山股份(300257),浙江省衢州市经济开发区凯旋西路9号,浙江省衢州市经济开发区凯旋西路9号,www.kaishancomp.com.cn,2011/8/19
305059 ,8513 ,2.8%,绍兴市,柯桥区,明牌珠宝,浙江明牌珠宝股份有限公司,服装与服饰,明牌珠宝(002574),浙江省绍兴市柯桥区福全工业区,浙江省绍兴市柯桥区群贤路与镜水路交叉口,www.mingr.com,2011/4/22
18903 ,8476 ,44.8%,杭州市,余杭区,新坐标,杭州新坐标科技股份有限公司,工业金属,新坐标(603040),浙江省杭州余杭区仓前街道龙潭路18号1-5幢,浙江省杭州余杭区仓前街道龙潭路18号1-5幢,www.xzbco.com,2017/2/9
55161 ,8427 ,15.3%,台州市,仙居县,司太立,浙江司太立制药股份有限公司,制药,司太立(603520),浙江省仙居县现代工业集聚区司太立大道1号,浙江省仙居县现代工业集聚区司太立大道1号,http://www.starrypharm.com,2016/3/9
53365 ,8421 ,15.8%,金华市,永康市经济开发区,道明光学,浙江道明光学股份有限公司,特种化工品,道明光学(002632),浙江省永康市象珠镇象珠工业区3号迎宾大道1号,浙江省永康市经济开发区东吴路581号,www.chinadaoming.com,2011/11/22
75924 ,8225 ,10.8%,杭州市,拱墅区,创业软件,创业软件股份有限公司,计算机服务,创业软件(300451),浙江省杭州市滨江区长河街道越达巷92号创业智慧大厦五楼,浙江省杭州市文三路199号创业大厦三楼,www.bsoft.com.cn,2015/5/14
82663 ,8158 ,9.9%,嘉兴市,桐乡市,双箭股份,浙江双箭橡胶股份有限公司,运输服务,双箭股份(002381),浙江省桐乡市洲泉镇晚村,浙江省桐乡市洲泉镇晚村,www.doublearrow.net,2010/4/2
57822 ,8140 ,14.1%,杭州市,拱墅区,祥源文化,浙江祥源文化股份有限公司,广播与娱乐,祥源文化(600576),浙江省杭州市密渡桥路1号白马大厦12楼,浙江省杭州市密渡桥路1号白马大厦12楼,www.cnwhwh.cn,2003/2/20
421312 ,8059 ,1.9%,台州市,椒江区,星星科技,浙江星星瑞金科技股份有限公司,电子电气组件与设备,星星科技(300256),浙江省台州市椒江区洪家星星电子产业基地4号楼,浙江省台州市椒江区洪家星星电子产业基地4号楼,www.first-panel.com,2011/8/19
46113 ,8058 ,17.5%,嘉兴市,海宁市,宏达高科,宏达高科控股股份有限公司,服装与服饰,宏达高科(002144),浙江省海宁市许村镇建设路118号,浙江省海宁市许村镇建设路118号,www.zjhongda.com.cn,2007/8/3
93696 ,7971 ,8.5%,宁波市,鄞州区,康强电子,宁波康强电子股份有限公司,半导体,康强电子(002119),浙江省宁波市鄞州投资创业中心金源路988号,浙江省宁波市鄞州投资创业中心金源路988号,www.kangqiang.com,2007/3/2
67269 ,7934 ,11.8%,杭州市,江干区,百大集团,百大集团股份有限公司,百货零售,百大集团(600865),浙江省杭州市延安路546号,浙江省杭州市庆春东路1-1号西子联合大厦18楼,www.baidagroup.com,1994/8/9
557532 ,7902 ,1.4%,宁波市,江北区,宁波东力,宁波东力股份有限公司,工业机械,宁波东力(002164),浙江省宁波市江北区银海路1号,浙江省宁波市江北区银海路1号,www.donly.com.cn,2007/8/23
159626 ,7774 ,4.9%,杭州市,滨江高新技术开发区,东方通信,东方通信股份有限公司,通讯设备,东方通信(600776),浙江省杭州市滨江区东信大道66号,浙江省杭州市滨江高新技术开发区东信大道66号,www.eastcom.com,1996/11/26
159626 ,7774 ,4.9%,杭州市,滨江高新技术开发区,东方通信,东方通信股份有限公司,通讯设备,东信B股(900941),浙江省杭州市滨江区东信大道66号,浙江省杭州市滨江高新技术开发区东信大道66号,www.eastcom.com,1996/11/26
65627 ,7729 ,11.8%,杭州市,西湖区,平治信息,杭州平治信息技术股份有限公司,互联网,平治信息(300571),浙江省杭州市江干区九盛路9号A18幢5楼518室,浙江省杭州市西湖区文三路90号东部软件园科技大厦A401室,www.anysoft.cn,2016/12/13
57272 ,7658 ,13.4%,绍兴市,上虞区,康隆达,浙江康隆达特种防护科技股份有限公司,耐用消费品,康隆达(603665),浙江省杭州湾上虞经济技术开发区纬五东路7号,浙江省杭州湾上虞经济技术开发区纬五东路7号,www.kanglongda.com.cn,2017/3/13
150359 ,7601 ,5.1%,杭州市,西湖区,数源科技,数源科技股份有限公司,通讯设备,数源科技(000909),浙江省杭州西湖区教工路一号,浙江省杭州市西湖区教工路一号,www.soyea.com.cn,1999/5/7
92272 ,7532 ,8.2%,宁波市,北仑区,海天精工,宁波海天精工股份有限公司,工业机械,海天精工(601882),浙江省宁波市北仑区黄山西路235号,浙江省宁波市北仑区黄山西路235号,www.hision.com.cn,2016/11/7
62250 ,7497 ,12.0%,宁波市,慈溪市,天龙股份,宁波天龙电子股份有限公司,工业品与服务,天龙股份(603266),浙江省宁波杭州湾新区八塘路116号3号楼,浙江省宁波杭州湾新区八塘路116号3号楼,www.ptianlong.com,2017/1/10
781760 ,7464 ,1.0%,杭州市,滨江区,联络互动,杭州联络互动信息科技股份有限公司,软件,联络互动(002280),浙江省杭州市滨江区物联网街451号芯图大厦18层,浙江省杭州市滨江区物联网街451号芯图大厦18层,www.lianluo.com,2009/8/21
134033 ,7459 ,5.6%,湖州市,吴兴区,香飘飘,香飘飘食品股份有限公司,软饮料,香飘飘(603711),浙江省湖州经济技术开发区创业大道888号,浙江省湖州经济技术开发区创业大道888号,www.chinaxpp.com,2017/11/30
110927 ,7429 ,6.7%,杭州市,余杭区,华正新材,浙江华正新材料股份有限公司,通讯设备,华正新材(603186),浙江省杭州市余杭区余杭街道华一路2号,浙江省杭州市余杭区余杭镇华一路2号,www.hzccl.com,2017/1/3
70118 ,7388 ,10.5%,宁波市,海曙区,香溢融通,香溢融通控股集团股份有限公司,不动产投资开发,香溢融通(600830),浙江省宁波市西河街158号,浙江省宁波市西河街158号,www.sunnyloantop.cn,1994/2/24
25012 ,7375 ,29.5%,杭州市,富阳区,星帅尔,杭州星帅尔电器股份有限公司,耐用消费品,星帅尔(002860),浙江省杭州市富阳区受降镇祝家村交界岭99号（2、3、4、5幢）,浙江省杭州市富阳区受降镇祝家村交界岭99号（2、3、4、5幢）,www.hzstarshuaier.com,2017/4/12
40271 ,7333 ,18.2%,绍兴市,城东经济技术开发区,京华激光,浙江京华激光科技股份有限公司,造纸,京华激光(603607),浙江省绍兴市城东经济技术开发区,浙江省绍兴市城东经济技术开发区,www.sx-jhjg.com,2017/10/25
518316 ,7323 ,1.4%,杭州市,临安市,万马股份,浙江万马股份有限公司,电子电气组件与设备,万马股份(002276),浙江省临安经济开发区南环路88号,浙江省临安经济开发区南环路88号,www.wanma-cable.cn,2009/7/10
200104 ,7255 ,3.6%,金华市,义乌市北苑工业区,华鼎股份,义乌华鼎锦纶股份有限公司,通用化工品,华鼎股份(601113),浙江省义乌市北苑工业区雪峰西路751号,浙江省义乌市北苑工业区雪峰西路751号,www.hdnylon.com,2011/5/9
50943 ,7209 ,14.2%,杭州市,杭州经济技术开发区,泰瑞机器,泰瑞机器股份有限公司,电子与电气设备,泰瑞机器(603289),浙江省杭州市杭州经济技术开发区下沙街道文泽北路245号,浙江省杭州市杭州经济技术开发区下沙街道文泽北路245号,www.tederic-cn.com,2017/10/31
42321 ,7181 ,17.0%,温州市,平阳县,佩蒂股份,佩蒂动物营养科技股份有限公司,农业与渔业,佩蒂股份(300673),浙江省平阳县水头镇工业园区宠乐路2号,浙江省平阳县水头镇工业园区宠乐路2号,www.peidibrand.com,2017/7/11
55461 ,7077 ,12.8%,绍兴市,柯北工业园区,梅轮电梯,浙江梅轮电梯股份有限公司,电子电气组件与设备,梅轮电梯(603321),浙江省绍兴市柯北工业园区梅中路576号,浙江省绍兴市柯北工业园区梅中路576号,www.zjml.cc,2017/9/15
62950 ,7028 ,11.2%,台州市,玉环县,正裕工业,浙江正裕工业股份有限公司,汽车与零配件（II）,正裕工业(603089),浙江省玉环县珠港镇三合潭工业区双港路,浙江省玉环县珠港镇三合潭工业区双港路,www.addchina.com,2017/1/26
36626 ,6940 ,18.9%,湖州市,吴兴区,德宏股份,浙江德宏汽车电子电器股份有限公司,电子电气组件与设备,德宏股份(603701),浙江省湖州市南太湖大道1888号,浙江省湖州市南太湖大道1888号,www.dehong.com.cn,2016/4/12
53640 ,6918 ,12.9%,嘉兴市,嘉善县,巴士在线,巴士在线股份有限公司,电子电气组件与设备,巴士在线(002188),浙江省嘉善县经济开发区东升路36号,浙江省嘉善县经济开发区东升路36号,www.busonline.com,2007/11/22
54850 ,6819 ,12.4%,杭州市,高新区,中恒电气,杭州中恒电气股份有限公司,工业机械,中恒电气(002364),浙江省杭州市高新区之江科技工业园东信大道69号,浙江省杭州市高新区之江科技工业园东信大道69号,www.hzzh.com,2010/3/5
990450 ,6676 ,0.7%,湖州市,吴兴区,栋梁新材,浙江栋梁新材股份有限公司,铝业,栋梁新材(002082),浙江省湖州市织里镇栋梁路1688号,浙江省湖州市织里镇栋梁路,www.dongliang.com.cn,2006/11/20
528279 ,6630 ,1.3%,杭州市,西湖区,赞宇科技,浙江赞宇科技股份有限公司,特种化工品,赞宇科技(002637),浙江省杭州市城头巷128号,浙江省杭州市西湖区古墩路702号,www.zzytech.com,2011/11/25
41872 ,6523 ,15.6%,衢州市,柯城区,牧高笛,牧高笛户外用品股份有限公司,服装与服饰,牧高笛(603908),浙江省衢州市世纪大道895号1幢,浙江省衢州市世纪大道895号1幢,www.mobigarden.com.cn,2017/3/7
25846 ,6470 ,25.0%,嘉兴市,南湖区,博创科技,博创科技股份有限公司,通讯设备,博创科技(300548),浙江省嘉兴市南湖区亚太路306号,浙江省嘉兴市凌公塘路1号207室,www.broadex-tech.com,2016/10/12
95481 ,6445 ,6.7%,杭州市,西湖区,永创智能,杭州永创智能设备股份有限公司,工业机械,永创智能(603901),浙江省杭州市西湖区三墩镇西园九路1号,浙江省杭州市西湖区三墩镇西园九路1号,www.youngsunpack.com,2015/5/29
23916 ,6418 ,26.8%,杭州市,西湖区,金石资源,金石资源集团股份有限公司,采矿业,金石资源(603505),浙江省杭州市拱墅区莫干山路耀江国际大厦B座20层B室,浙江省杭州市西湖区求是路8号公元大厦南楼2301室,www.chinesekings.com,2017/5/3
55447 ,6403 ,11.5%,湖州市,南浔区,星光农机,星光农机股份有限公司,综合工业,星光农机(603789),浙江省湖州市和孚镇星光大街1688号,浙江省湖州市和孚镇星光大街1688号,www.xg1688.com,2015/4/27
108789 ,6354 ,5.8%,宁波市,鄞州区,圣龙股份,宁波圣龙汽车动力系统股份有限公司,汽车与零配件（II）,圣龙股份(603178),浙江省宁波市鄞州区工业园区金达路788号,浙江省宁波市鄞州区工业园区金达路788号,slpt.sheng-long.com,2017/3/28
50937 ,6351 ,12.5%,杭州市,江干区,元成股份,浙江元成园林集团股份有限公司,林业,元成股份(603388),浙江省杭州市江干区采荷嘉业大厦5号楼5楼501室,浙江省杭州市庆春东路2-6号第15层,www.ycyuanlin.com,2017/3/24
46395 ,6332 ,13.6%,嘉兴市,嘉善县,浙江众成,浙江众成包装材料股份有限公司,特种化工品,浙江众成(002522),浙江省嘉善县惠民街道泰山路1号,浙江省嘉善县惠民街道泰山路1号,www.zjzhongda.com,2010/12/10
63922 ,6264 ,9.8%,台州市,温岭市石塘镇上马工业区,中马传动,浙江中马传动股份有限公司,汽车与零配件（II）,中马传动(603767),浙江省温岭市石塘镇上马工业区经一路1号,浙江省温岭市石塘镇上马工业区经一路1号,www.zomaxcd.com,2017/6/13
63843 ,6260 ,9.8%,宁波市,象山县,乐惠国际,宁波乐惠国际工程装备股份有限公司,酿酒业,乐惠国际(603076),浙江省宁波市象山县西周镇象西机电工业园,浙江省宁波市象山县西周镇象西机电工业园,www.lehui.com,2017/11/13
34569 ,6204 ,17.9%,杭州市,萧山区,雷迪克,杭州雷迪克节能科技股份有限公司,汽车零配件（IV）,雷迪克(300652),浙江省杭州萧山经济技术开发区桥南区块春潮路89号,浙江省杭州萧山经济技术开发区桥南区块春潮路89号,www.radical.cn,2017/5/16
188323 ,6183 ,3.3%,绍兴市,越城区,浙江震元,浙江震元股份有限公司,药品零售,浙江震元(000705),浙江省绍兴市解放北路289号,浙江省绍兴市解放北路289号,www.zjzy.com,1997/4/10
55466 ,6044 ,10.9%,宁波市,北仑区,弘讯科技,宁波弘讯科技股份有限公司,电子电气组件与设备,弘讯科技(603015),浙江省宁波市北仑区大港五路88号,浙江省宁波市北仑区大港五路88号,www.techmation.com.cn,2015/3/3
21263 ,6026 ,28.3%,宁波市,象山县石浦科技园区,戴维医疗,宁波戴维医疗器械股份有限公司,医疗设备,戴维医疗(300314),浙江省宁波市象山县石浦科技园区科苑路2号,浙江省宁波市象山县石浦科技园区科苑路2号,www.nbdavid.com,2012/5/8
122319 ,6005 ,4.9%,温州市,乐清市,华仪电气,华仪电气股份有限公司,电子电气组件与设备,华仪电气(600290),浙江省乐清经济开发区中心大道228号,浙江省乐清经济开发区中心大道228号,www.heag.com,2000/11/6
74962 ,5914 ,7.9%,绍兴市,新昌县,日发精机,浙江日发精密机械股份有限公司,工业机械,日发精机(002520),浙江省新昌县七星街道日发数码科技园,浙江省新昌县七星街道日发数码科技园,www.rifapm.com,2010/12/10
54535 ,5895 ,10.8%,温州市,平阳县,乔治白,浙江乔治白服饰股份有限公司,服装与服饰,乔治白(002687),浙江省平阳县昆阳镇平瑞公路588号,浙江省平阳县昆阳镇平瑞公路588号及昆阳镇乔治白休闲服饰生产基地,www.giuseppe.cn,2012/7/13
52069 ,5867 ,11.3%,台州市,椒江区,百达精工,浙江百达精工股份有限公司,汽车零配件（IV）,百达精工(603331),浙江省台州市经中路908弄28号,浙江省台州市经中路908弄28号,www.baidapm.com,2017/7/5
36961 ,5843 ,15.8%,台州市,天台县,圣达生物,浙江圣达生物药业股份有限公司,食品生产（III）,圣达生物(603079),浙江省天台县赤城街道人民东路789号,浙江省天台县赤城街道人民东路789号,www.sd-pharm.com,2017/8/23
20410 ,5710 ,28.0%,台州市,天台县,天铁股份,浙江天铁实业股份有限公司,通用化工品,天铁股份(300587),浙江省天台县人民东路928号,浙江省天台县人民东路928号,www.tiantie.cn,2017/1/5
280216 ,5689 ,2.0%,绍兴市,诸暨市,菲达环保,浙江菲达环保科技股份有限公司,工业机械,菲达环保(600526),浙江省诸暨市望云路88号,浙江省诸暨市望云路88号,www.feida.biz,2002/7/22
50549 ,5648 ,11.2%,台州市,天台县西工业区,天成自控,浙江天成自控股份有限公司,汽车零配件（IV）,天成自控(603085),浙江省台州市天台县西工业区,浙江省台州市天台县西工业区,www.china-tc.com,2015/6/30
185975 ,5609 ,3.0%,台州市,温岭市经济开发区,钱江摩托,浙江钱江摩托股份有限公司,汽车,钱江摩托(000913),浙江省温岭市经济开发区,浙江省温岭市经济开发区,www.qjmotor.com,1999/5/14
587441 ,5543 ,0.9%,杭州市,滨江区,盾安环境,浙江盾安人工环境股份有限公司,工业机械,盾安环境(002011),中国浙江省诸暨市店口工业区,浙江省杭州市滨江区滨安路1190号智汇领地科技园B座,www.dunan.net,2004/7/5
32368 ,5523 ,17.1%,杭州市,滨江区,扬帆新材,浙江扬帆新材料股份有限公司,通用化工品,扬帆新材(300637),浙江省绍兴市杭州湾上虞经济技术开发区,浙江省杭州市滨江区信诚路31号扬帆大厦五楼,www.zjyfxc.com,2017/4/12
45054 ,5458 ,12.1%,台州市,黄岩区,济民制药,浙江济民制药股份有限公司,医疗设备,济民制药(603222),浙江省台州市黄岩区北院路888号,浙江省台州市黄岩区北院路888号,www.chimin.cn,2015/2/17
34823 ,5355 ,15.4%,宁波市,象山县,合力科技,宁波合力模具科技股份有限公司,汽车零配件（IV）,合力科技(603917),浙江省象山工业园区西谷路358号,浙江省象山工业园区西谷路358号,www.helimould.com,2017/12/4
60057 ,5288 ,8.8%,宁波市,鄞州区,华瑞股份,华瑞电器股份有限公司,电子电气组件与设备,华瑞股份(300626),浙江省宁波市鄞州区姜山镇科技园区,浙江省宁波市鄞州区姜山镇科技园区,www.china-commutator.com,2017/3/20
49918 ,5254 ,10.5%,宁波市,江东区,激智科技,宁波激智科技股份有限公司,电子电气组件与设备,激智科技(300566),浙江省宁波高新区晶源路9号,浙江省宁波高新区晶源路9号,www.excitontech.cn,2016/11/15
31241 ,5204 ,16.7%,台州市,黄岩区,东方材料,新东方新材料股份有限公司,通用化工品,东方材料(603110),浙江省台州市黄岩区东城街道劳动北路118（8层）号,台州市黄岩区东城街道劳动北路118号8楼,--,2017/10/13
22678 ,5176 ,22.8%,温州市,洞头区,诚意药业,浙江诚意药业股份有限公司,制药,诚意药业(603811),浙江省温州市洞头区化工路118号,浙江省温州市洞头区化工路118号,www.chengyipharma.com,2017/3/15
40754 ,5154 ,12.6%,台州市,玉环县,永和智控,永和流体智控股份有限公司,工业机械,永和智控(002795),浙江省玉环县清港镇工业产业集聚区,浙江省玉环县清港镇工业产业集聚区,www.yhvalve.com,2016/4/28
51963 ,5127 ,9.9%,杭州市,江干区,诚邦股份,浙江诚邦园林股份有限公司,建筑施工,诚邦股份(603316),浙江省杭州市之江路599号,浙江省杭州市之江路599号,www.cbylgf.com,2017/6/19
36157 ,5058 ,14.0%,宁波市,慈溪市新兴产业集群区,中大力德,宁波中大力德智能传动股份有限公司,工业机械,中大力德(002896),浙江省慈溪市新兴产业集群区宗汉街道新兴一路185号,浙江省慈溪市新兴产业集群区宗汉街道新兴一路185号,www.zd-motor.com,2017/8/29
31676 ,5047 ,15.9%,金华市,义乌市苏溪镇镇南小区,棒杰股份,浙江棒杰数码针织品股份有限公司,服装与服饰,棒杰股份(002634),浙江省义乌市苏溪镇镇南小区,浙江省义乌市苏溪镇镇南小区,www.bangjie.cn,2011/12/5
23355 ,5035 ,21.6%,金华市,武义县,寿仙谷,浙江寿仙谷医药股份有限公司,医药与生物科技,寿仙谷(603896),浙江省武义县壶山街道商城路10号,浙江省武义县壶山街道商城路10号,www.sxg1909.com,2017/5/10
22282 ,4736 ,21.3%,湖州市,德清县,三星新材,浙江三星新材股份有限公司,通用化工品,三星新材(603578),浙江省德清县禹越镇杭海路333号,浙江省德清县禹越镇杭海路333号,www.sxslhg.com,2017/3/6
42997 ,4617 ,10.7%,宁波市,海曙区,君禾股份,君禾泵业股份有限公司,电子电气组件与设备,君禾股份(603617),浙江省宁波市海曙区集士港镇万众村,浙江省宁波市海曙区集士港镇万众村,www.junhepumps.com,2017/7/3
36722 ,4608 ,12.5%,嘉兴市,嘉善县,田中精机,浙江田中精机股份有限公司,工业机械,田中精机(300461),浙江省嘉善县姚庄镇新景路398号,浙江省嘉善县姚庄镇新景路398号,www.tanac.com.cn,2015/5/19
24582 ,4596 ,18.7%,杭州市,滨江区,初灵信息,杭州初灵信息技术股份有限公司,通讯设备,初灵信息(300250),浙江省杭州市滨江区浦沿街道伟业路1号5幢,浙江省杭州市滨江区浦沿街道伟业路1号5幢,www.cncr-it.com,2011/8/3
33575 ,4580 ,13.6%,杭州市,萧山区,万隆光电,杭州万隆光电设备股份有限公司,通讯设备,万隆光电(300710),浙江省杭州市萧山区瓜沥友谊村,浙江省杭州市萧山区瓜沥友谊村,www.prevail-catv.com,2017/10/19
50683 ,4576 ,9.0%,温州市,乐清市,电光科技,电光防爆科技股份有限公司,工业机械,电光科技(002730),浙江省乐清经济开发区纬五路180号,浙江省乐清经济开发区纬五路180号,www.dianguang.com,2014/10/9
78282 ,4566 ,5.8%,金华市,义乌市,浙江世宝,浙江世宝股份有限公司,汽车零配件（IV）,浙江世宝(002703),浙江省义乌市佛堂镇双林路1号,浙江省义乌市佛堂镇双林路1号,www.zjshibao.com,2012/11/2
93842 ,4548 ,4.8%,杭州市,滨江区,华星创业,杭州华星创业通信技术股份有限公司,移动通信服务,华星创业(300025),浙江省杭州市滨江区长河街道聚才路500号,浙江省杭州市滨江区聚才路500号,www.hxcy.com.cn,2009/10/30
102146 ,4519 ,4.4%,杭州市,滨江区,众合科技,浙江众合科技股份有限公司,工业机械,众合科技(000925),浙江省杭州市滨江区江汉路1785号双城国际4号楼17层,浙江省杭州市滨江区江汉路1785号双城国际4号楼17层,www.unitedmne.com,1999/6/11
53189 ,4470 ,8.4%,宁波市,鄞州经济开发区,乐歌股份,乐歌人体工学科技股份有限公司,家具,乐歌股份(300729),浙江省宁波市鄞州经济开发区启航南路588号（鄞州区瞻岐镇）,浙江省宁波市鄞州经济开发区启航南路588号（鄞州区瞻岐镇）,www.loctek.com,2017/12/1
101215 ,4426 ,4.4%,绍兴市,柯桥区,华通医药,浙江华通医药股份有限公司,药品零售,华通医药(002758),浙江省绍兴市柯桥区轻纺城大道1605号,浙江省绍兴市柯桥区轻纺城大道1605号,www.sxhtyy.net,2015/5/27
42935 ,4358 ,10.1%,宁波市,高新区,美诺华,宁波美诺华药业股份有限公司,医药与生物科技,美诺华(603538),浙江省宁波市高新区扬帆路999弄1号1406室,浙江省宁波市高新区扬帆路999弄1号1406室,www.menovopharm.com,2017/4/7
34414 ,4345 ,12.6%,嘉兴市,海宁市,钱江生化,浙江钱江生物化学股份有限公司,特种化工品,钱江生化(600796),浙江省海宁市海洲街道钱江西路178号钱江大厦,浙江省海宁市海洲街道钱江西路178号钱江大厦,www.600796.com,1997/4/8
38922 ,4338 ,11.1%,宁波市,余姚市经济开发区,江丰电子,宁波江丰电子材料股份有限公司,电子设备,江丰电子(300666),浙江省余姚市经济开发区名邦科技工业园区安山路,浙江省余姚市经济开发区名邦科技工业园区安山路,www.kfmic.com,2017/6/15
50629 ,4294 ,8.5%,宁波市,北仑区,创源文化,宁波创源文化发展股份有限公司,造纸,创源文化(300703),浙江省宁波市北仑区庐山西路45号,浙江省宁波市北仑区庐山西路45号,www.cre8direct.net,2017/9/19
49230 ,4233 ,8.6%,绍兴市,嵊州市,迪贝电气,浙江迪贝电气股份有限公司,电子电气组件与设备,迪贝电气(603320),浙江省嵊州市三江街道迪贝路66号,浙江省嵊州市三江街道迪贝路66号,www.dibei.com,2017/5/2
159908 ,4202 ,2.6%,宁波市,北仑区,东方电缆,宁波东方电缆股份有限公司,电子电气组件与设备,东方电缆(603606),浙江省宁波市北仑区江南东路968号,浙江省宁波市北仑区江南东路968号,www.orientcable.com,2014/10/15
27912 ,4197 ,15.0%,温州市,永嘉县,迦南科技,浙江迦南科技股份有限公司,工业机械,迦南科技(300412),浙江省温州市永嘉县东瓯工业园区,浙江省永嘉县瓯北镇东瓯工业园区,www.china-jianan.com/cn/,2014/12/31
26904 ,4178 ,15.5%,绍兴市,杭州湾上虞经济技术开发区,中欣氟材,浙江中欣氟材股份有限公司,特种化工品,中欣氟材(002915),浙江省绍兴市杭州湾上虞经济技术开发区,浙江省绍兴市杭州湾上虞经济技术开发区,www.zxchemgroup.com,2017/12/5
23658 ,4120 ,17.4%,绍兴市,上虞区,金盾股份,浙江金盾风机股份有限公司,工业机械,金盾股份(300411),浙江省绍兴市上虞区章镇镇工业园区,浙江省绍兴市上虞区章镇镇工业园区,www.jindunfan.com,2014/12/31
884278 ,4107 ,0.5%,杭州市,上城区,航天通信,航天通信控股集团股份有限公司,服装与服饰,航天通信(600677),浙江省杭州市解放路138号航天通信大厦,浙江省杭州市解放路138号航天通信大厦一号楼,www.aerocom.cn,1993/9/28
171331 ,4051 ,2.4%,金华市,工业园区,今飞凯达,浙江今飞凯达轮毂股份有限公司,汽车零配件（IV）,今飞凯达(002863),浙江省金华市工业园区仙华南街800号,浙江省金华市工业园区仙华南街800号,www.jfkd.com.cn,2017/4/18
30691 ,4029 ,13.1%,杭州市,富阳市,中泰股份,杭州中泰深冷技术股份有限公司,工业机械,中泰股份(300435),浙江省富阳市东洲街道高尔夫路228号,浙江省富阳市东洲街道高尔夫路228号,www.zhongtaihangzhou.com,2015/3/26
66033 ,3820 ,5.8%,台州市,三门县,三维股份,浙江三维橡胶制品股份有限公司,通用化工品,三维股份(603033),浙江省台州市三门县海游街道下坑村,浙江省台州市三门县海游街道下坑村,www.three-v.com,2016/12/7
15260 ,3741 ,24.5%,宁波市,高新区,镇海股份,镇海石化工程股份有限公司,采油设备与服务,镇海股份(603637),浙江省宁波市高新区星海南路36号,浙江省宁波市高新区星海南路36号,www.izpec.com,2017/2/8
97077 ,3716 ,3.8%,杭州市,江干区,宋都股份,宋都基业投资股份有限公司,不动产投资开发,宋都股份(600077),浙江省杭州市富春路789号宋都大厦506室,浙江省杭州市富春路789号宋都大厦五楼,www.songdu.com,1997/5/20
24146 ,3713 ,15.4%,杭州市,滨江区,中威电子,杭州中威电子股份有限公司,通讯设备,中威电子(300270),浙江省杭州市西湖区文三路20号浙江建工大楼17层,浙江省杭州市滨江区西兴路1819号,www.joyware.com,2011/10/12
37560 ,3691 ,9.8%,杭州市,余杭经济技术开发区,诺邦股份,杭州诺邦无纺股份有限公司,服装服饰零售,诺邦股份(603238),浙江省杭州市余杭经济技术开发区宏达路16号,浙江省杭州市余杭经济技术开发区宏达路16号,www.nbond.cn,2017/2/22
27507 ,3660 ,13.3%,绍兴市,新昌县,美力科技,浙江美力科技股份有限公司,工业机械,美力科技(300611),浙江省新昌县新昌大道西路1365号,浙江省新昌县新昌大道西路1365号,www.china-springs.com,2017/2/20
19486 ,3613 ,18.5%,杭州市,余杭区,沪宁股份,杭州沪宁电梯部件股份有限公司,商用运载工具与车辆,沪宁股份(300669),浙江省杭州市余杭区中泰街道石鸽社区,浙江省杭州市余杭区中泰街道水塔村,www.hzhuning.com,2017/6/29
13970 ,3591 ,25.7%,台州市,临海市化学原料药基地临海园区,奥翔药业,浙江奥翔药业股份有限公司,医药与生物科技,奥翔药业(603229),浙江省临海市化学原料药基地临海园区东海第四大道5号,浙江省临海市化学原料药基地临海园区东海第四大道5号,www.ausunpharm.com,2017/5/9
32252 ,3571 ,11.1%,宁波市,宁海县,润禾材料,宁波润禾高新材料科技股份有限公司,特种化工品,润禾材料(300727),浙江省宁海县胡陈乡开发区,浙江省宁海县胡陈乡开发区,www.chinarunhe.com,2017/11/27
71999 ,3548 ,4.9%,丽水市,遂昌县,凯恩股份,浙江凯恩特种材料股份有限公司,造纸,凯恩股份(002012),浙江省遂昌县妙高镇凯恩路1008号,浙江省遂昌县妙高镇凯恩路1008号,www.zjkan.com,2004/7/5
69084 ,3511 ,5.1%,宁波市,海曙区,宁波中百,宁波中百股份有限公司,百货零售,宁波中百(600857),浙江省宁波市海曙区和义路77号21层,浙江省宁波市海曙区和义路77号汇金大厦21层,www.hitsc.com,1994/4/25
28416 ,3471 ,12.2%,杭州市,临安市,万马科技,万马科技股份有限公司,通讯设备,万马科技(300698),浙江省杭州市临安市太湖源镇青云村,浙江省杭州市临安市太湖源镇青云村,www.wanma-tech.cn,2017/8/31
112806 ,3319 ,2.9%,宁波市,海曙区,维科精华,宁波维科精华集团股份有限公司,电子电气组件与设备,维科精华(600152),浙江省宁波市和义路99号,浙江省宁波市柳汀街225号月湖金贸大厦20楼,www.vekenelite.com,1998/6/9
34040 ,3285 ,9.6%,杭州市,西湖区,纵横通信,杭州纵横通信股份有限公司,软件与计算机服务,纵横通信(603602),浙江省杭州市西湖区文三路90号11层A1105-A1108室,浙江省杭州市西湖区文三路90号11层A1105-A1108室,www.freelynet.com,2017/8/10
34427 ,3276 ,9.5%,金华市,永康市经济开发区,中坚科技,浙江中坚科技股份有限公司,工业机械,中坚科技(002779),浙江省永康市经济开发区名园南大道10号,浙江省永康市经济开发区名园南大道10号,www.topsunpower.cc,2015/12/9
85085 ,3228 ,3.8%,舟山市,定海区,金鹰股份,浙江金鹰股份有限公司,服装与服饰,金鹰股份(600232),浙江省舟山市定海区小沙镇,浙江省舟山市定海区小沙镇,www.cn-goldeagle.com,2000/6/2
33428 ,3116 ,9.3%,宁波市,北仑区,海伦钢琴,海伦钢琴股份有限公司,娱乐用品,海伦钢琴(300329),浙江省宁波市北仑区龙潭山路36号,浙江省宁波市北仑区龙潭山路36号,www.hailunpiano.com,2012/6/19
62522 ,3097 ,5.0%,嘉兴市,桐乡市,嘉澳环保,浙江嘉澳环保科技股份有限公司,化工品（II）,嘉澳环保(603822),浙江省桐乡经济开发区,浙江省桐乡经济开发区,--,2016/4/28
23267 ,3053 ,13.1%,杭州市,余杭区,万通智控,万通智控科技股份有限公司,汽车零配件（IV）,万通智控(300643),浙江省杭州市余杭区杭州余杭经济技术开发区振兴东路12号,浙江省杭州市余杭区杭州余杭经济技术开发区振兴东路12号,www.hamaton.com,2017/5/5
34868 ,2987 ,8.6%,宁波市,慈溪市新兴产业集群区,横河模具,宁波横河模具股份有限公司,特种化工品,横河模具(300539),浙江省慈溪市新兴产业集群区宗汉街道新兴大道588号,浙江省慈溪市新兴产业集群区宗汉街道新兴大道588号,www.mouldcenter.com,2016/8/30
64438 ,2977 ,4.6%,绍兴市,越城区,盛洋科技,浙江盛洋科技股份有限公司,电子电气组件与设备,盛洋科技(603703),浙江省绍兴市越城区人民东路1417号,浙江省绍兴市越城区人民东路1417号,www.shengyang.com,2015/4/23
55595 ,2817 ,5.1%,绍兴市,绍兴县,精功科技,浙江精功科技股份有限公司,工业机械,精功科技(002006),浙江省绍兴市柯桥区鉴湖路1809号,浙江省绍兴柯桥经济开发区柯西工业区鉴湖路1809号,www.jgtec.com.cn,2004/6/25
26374 ,2812 ,10.7%,杭州市,拱墅区,生意宝,浙江网盛生意宝股份有限公司,互联网,生意宝(002095),浙江省杭州市莫干山路187号易盛大厦12F,浙江省杭州市莫干山路187号易盛大厦12F,www.chinanetsun.com,2006/12/15
31887 ,2742 ,8.6%,杭州市,拱墅区,威星智能,浙江威星智能仪表股份有限公司,燃气供应,威星智能(002849),浙江省杭州市拱墅区莫干山路1418-41号6号楼（上城科技工业基地）,浙江省杭州市拱墅区莫干山路1418-41号6号楼,www.viewshine.cn,2017/2/17
32579 ,2706 ,8.3%,杭州市,下城区,汉鼎宇佑,汉鼎宇佑互联网股份有限公司,计算机服务,汉鼎宇佑(300300),浙江省杭州市下城区永福桥路5号汉鼎国际大厦南楼1101室,浙江省杭州市下城区永福桥路5号汉鼎国际大厦12楼、15楼,www.hakim.com.cn,2012/3/19
21777 ,2655 ,12.2%,金华市,金东经济开发区,金利华电,浙江金利华电气股份有限公司,电子电气组件与设备,金利华电(300069),浙江省金华市金东经济开发区,浙江省金华市金东经济开发区（傅村镇）,www.jlhdq.com,2010/4/21
59897 ,2647 ,4.4%,湖州市,德清县,佐力药业,浙江佐力药业股份有限公司,制药,佐力药业(300181),浙江省德清县阜溪街道志远北路388号,浙江省湖州市德清县武康镇志远路,www.zuoli.com,2011/2/22
9873 ,2562 ,25.9%,杭州市,滨江区,长川科技,杭州长川科技股份有限公司,工业机械,长川科技(300604),浙江省杭州市滨江区江淑路799号3幢第一、第二全楼层和第三、四、五层A单元,浙江省杭州市滨江区江淑路799号3幢第一、第二全楼层和第三、四、五层A单元,www.hzcctech.com,2017/4/17
56258 ,2535 ,4.5%,台州市,温岭市,跃岭股份,浙江跃岭股份有限公司,汽车零配件（IV）,跃岭股份(002725),浙江省温岭市泽国镇泽国大道888号,浙江省温岭市泽国镇现代大道北侧,www.yuering.com,2014/1/29
56813 ,2435 ,4.3%,绍兴市,袍江新区,德创环保,浙江德创环保科技股份有限公司,废物处理与回收服务,德创环保(603177),浙江省绍兴市袍江新区三江路以南,浙江省绍兴市袍江新区三江路以南,www.zj-tuna.com,2017/2/7
17511 ,2381 ,13.6%,杭州市,滨江区,和仁科技,浙江和仁科技股份有限公司,软件,和仁科技(300550),浙江省杭州市滨江区西兴街道新联路625号,浙江省杭州市滨江区西兴街道新联路625号,www.herenit.com,2016/10/18
21847 ,2374 ,10.9%,杭州市,滨江区,先锋电子,杭州先锋电子技术股份有限公司,工业机械,先锋电子(002767),浙江省杭州市滨江区滨安路1186-1号,浙江省杭州市滨江区滨安路1186-1号,www.innover.com.cn,2015/6/12
122821 ,2197 ,1.8%,杭州市,拱墅区,莱茵体育,莱茵达体育发展股份有限公司,不动产投资开发,莱茵体育(000558),浙江省杭州市文三路535号莱茵达大厦,浙江省杭州市文三路535号莱茵达大厦20楼,www.lander.com.cn,1994/5/9
8184 ,2094 ,25.6%,杭州市,余杭区,集智股份,杭州集智机电股份有限公司,工业机械,集智股份(300553),浙江省杭州市西湖区三墩镇西园三路10号,浙江省杭州市余杭区良渚街道七贤路1-1号,www.zjjizhi.com,2016/10/21
9488 ,2080 ,21.9%,杭州市,西湖区,杭州园林,杭州园林设计院股份有限公司,建筑施工,杭州园林(300649),浙江省杭州市西湖区杨公堤32号,浙江省杭州市西湖区杨公堤32号,www.hzyly.com,2017/5/5
207376 ,2058 ,1.0%,杭州市,富阳市,金固股份,浙江金固股份有限公司,商用运载工具与车辆,金固股份(002488),浙江省富阳市富春街道公园西路1181号,浙江省富阳市富春街道公园西路1181号,www.jgwheel.com,2010/10/21
72739 ,1978 ,2.7%,杭州市,滨江区,三维通信,三维通信股份有限公司,通讯设备,三维通信(002115),浙江省杭州市滨江区火炬大道581号,浙江省杭州市滨江区火炬大道581号,www.sunwave.com.cn,2007/2/15
22742 ,1959 ,8.6%,宁波市,江北投资创业园C区,宁波精达,宁波精达成形装备股份有限公司,工业机械,宁波精达(603088),浙江省宁波市江北投资创业园区,浙江省宁波市江北投资创业园C区长阳路191号,www.nbjingda.com,2014/11/11
44255 ,1909 ,4.3%,杭州市,余杭区,杭州高新,杭州高新橡塑材料股份有限公司,特种化工品,杭州高新(300478),浙江省杭州市余杭区径山镇龙皇路10号,浙江省杭州市余杭区径山镇龙皇路10号,www.gxsl.com,2015/6/10
498637 ,1864 ,0.4%,杭州市,拱墅区,美都能源,美都能源股份有限公司,不动产投资开发,美都能源(600175),浙江省德清县武康镇德清大道299号2601室、2602室,浙江省杭州市密渡桥路70号美都恒升名楼4楼,www.chinameidu.com,1999/4/8
117528 ,1662 ,1.4%,杭州市,萧山区,杭齿前进,杭州前进齿轮箱集团股份有限公司,工业机械,杭齿前进(601177),浙江省杭州市萧山区萧金路45号,浙江省杭州市萧山区萧金路45号,www.chinaadvance.com,2010/10/11
119918 ,1467 ,1.2%,嘉兴市,秀洲区,民丰特纸,民丰特种纸股份有限公司,造纸,民丰特纸(600235),浙江省嘉兴市?f里街70号,浙江省嘉兴市?f里街70号,www.minfenggroup.com,2000/6/15
52945 ,1362 ,2.6%,杭州市,滨江区,英飞特,英飞特电子(杭州)股份有限公司,电子电气组件与设备,英飞特(300582),浙江省杭州市滨江区长河街道江虹路459号A座,浙江省杭州市滨江区长河街道江虹路459号A座,cn.inventronics-co.com,2016/12/28
22899 ,1214 ,5.3%,杭州市,高新技术开发区,大立科技,浙江大立科技股份有限公司,电子设备,大立科技(002214),浙江省杭州市滨江区滨康路639号,浙江省杭州市高新技术开发区（滨江）滨康路639号,www.dali-tech.com,2008/2/18
56361 ,1035 ,1.8%,湖州市,吴兴区,美欣达,浙江美欣达印染集团股份有限公司,服装与服饰,美欣达(002034),浙江省湖州市天子圩路288号,浙江省湖州市美欣达路588号,www.mizuda.net,2004/8/26
96633 ,1008 ,1.0%,绍兴市,越城区,向日葵,浙江向日葵光能科技股份有限公司,电子电气组件与设备,向日葵(300111),浙江省绍兴袍江工业区三江路,浙江省绍兴袍江工业区三江路,www.sunowe.com.cn,2010/8/27
82886 ,468 ,0.6%,杭州市,滨江区,信雅达,信雅达系统工程股份有限公司,软件,信雅达(600571),浙江省杭州市滨江区江南大道3888号信雅达科技大厦,浙江省杭州市滨江区江南大道3888号,www.sunyard.com,2002/11/1
72517 ,196 ,0.3%,温州市,龙湾区,温州宏丰,温州宏丰电工合金股份有限公司,电子电气组件与设备,温州宏丰(300283),浙江省乐清市北白象镇大桥工业区塘下片区,浙江省温州瓯江口产业集聚区瓯锦大道5600号,www.wzhf.com,2012/1/10
23147 ,140 ,0.6%,杭州市,滨江区,开尔新材,浙江开尔新材料股份有限公司,建材与构件,开尔新材(300234),浙江省金华市金义都市经济开发区广顺街333号,浙江省杭州市滨江区长河街道江虹路1750号润和信雅达国际创意中心A座30层,www.zjke.com,2011/6/22
22895 ,77 ,0.3%,杭州市,西湖区,正元智慧,浙江正元智慧科技股份有限公司,软件与计算机服务,正元智慧(300645),浙江省杭州市余杭区文一西路1500号1幢301室,浙江省杭州市文一西路998号海创园18号楼8层,www.hzsun.com,2017/4/21
10868 ,-113 ,-1.0%,绍兴市,诸暨市,申科股份,申科滑动轴承股份有限公司,工业机械,申科股份(002633),浙江省诸暨市望云路132号,浙江省诸暨市陶朱街道望云路132号,www.shenke.com,2011/11/22
19806 ,-322 ,-1.6%,杭州市,西湖区,浙江广厦,浙江广厦股份有限公司,不动产投资开发,浙江广厦(600052),浙江省东阳市振兴路1号西侧,浙江省杭州市西湖区莫干山路231号锐明大厦15层,www.gsgf.com,1997/4/15
51435 ,-374 ,-0.7%,宁波市,鄞州区,先锋新材,宁波先锋新材料股份有限公司,通用化工品,先锋新材(300163),浙江省宁波市海曙区集士港镇山下庄村,浙江省宁波市鄞州区集士港镇山下庄村,www.aplus.cn;www.chinacurtains.com,2011/1/13
168440 ,-450 ,-0.3%,温州市,永嘉县,报喜鸟,报喜鸟控股股份有限公司,服装与服饰,报喜鸟(002154),浙江省永嘉县瓯北镇报喜鸟工业区,浙江省永嘉县瓯北镇报喜鸟工业区,www.bxn.com,2007/8/16
16815 ,-915 ,-5.4%,金华市,婺城区,东晶电子,浙江东晶电子股份有限公司,电子电气组件与设备,东晶电子(002199),浙江省金华市宾虹西路555号,浙江省金华市宾虹西路555号,www.ecec.com.cn,2007/12/21
17385 ,-1107 ,-6.4%,杭州市,余杭区,宝鼎科技,宝鼎科技股份有限公司,工业机械,宝鼎科技(002552),浙江省杭州余杭区塘栖镇工业园区内,浙江省杭州余杭区塘栖镇工业园区内,www.baoding-tech.com,2011/2/25
8449 ,-1220 ,-14.4%,杭州市,余杭区,天目药业,杭州天目山药业股份有限公司,制药,天目药业(600671),浙江省临安市苕溪南路78号,浙江省杭州市文二西路738号西溪乐谷3号楼,www.hztmyy.com,1993/8/23
8257 ,-1727 ,-20.9%,宁波市,江北区,*ST圣莱,宁波圣莱达电器股份有限公司,消费电子产品,*ST圣莱(002473),浙江省宁波市江北区金山路298号,浙江省宁波市江北区金山路298号,www.nbslt.com,2010/9/10
59047 ,-2031 ,-3.4%,宁波市,鄞州区,宁波富邦,宁波富邦精业集团股份有限公司,铝业,宁波富邦(600768),浙江省宁波市镇海骆驼机电工业园区,浙江省宁波市鄞州区天童北路702号工业城办公大楼三楼,www.600768.com.cn,1996/11/11
26086 ,-2185 ,-8.4%,绍兴市,诸暨市,步森股份,浙江步森服饰股份有限公司,服装与服饰,步森股份(002569),浙江省诸暨市枫桥镇步森大道419号,浙江省诸暨市枫桥镇步森大道419号,www.busen.cn,2011/4/12
77525 ,-2406 ,-3.1%,绍兴市,诸暨市,大东南,浙江大东南股份有限公司,特种化工品,大东南(002263),浙江省诸暨市城西工业区,浙江省诸暨市陶朱街道千禧路5号,www.chinaddn.com,2008/7/28
37239 ,-5669 ,-15.2%,台州市,三门县,三变科技,三变科技股份有限公司,电子电气组件与设备,三变科技(002112),浙江省三门县海游镇西区大道369号,浙江省三门县海游镇西区大道369号,www.sanbian.cn,2007/2/8
68363 ,-6197 ,-9.1%,台州市,玉环县,中捷资源,中捷资源投资股份有限公司,工业机械,中捷资源(002021),浙江省玉环县大麦屿街道兴港东路198号,浙江省玉环县大麦屿街道兴港东路198号,www.zoje.com,2004/7/15
121968 ,-7986 ,-6.5%,宁波市,奉化市,波导股份,宁波波导股份有限公司,通讯设备,波导股份(600130),浙江省奉化市大成东路999号,浙江省奉化市大成东路999号,www.chinabird.com,2000/7/6
749420 ,-8854 ,-1.2%,绍兴市,诸暨市,海越股份,浙江海越股份有限公司,石油勘探与开采,海越股份(600387),浙江省诸暨市西施大街59号,浙江省诸暨市西施大街59号,www.chinahaiyue.com,2004/2/18
200701 ,-35767 ,-17.8%,杭州市,滨江区,贝因美,贝因美婴童食品股份有限公司,食品生产（IV）,贝因美(002570),浙江省杭州市滨江区南环路3758号,浙江省杭州市滨江区南环路3758号,www.beingmate.com,2011/4/12
{d1},{d2},,杭州市,江干区,杭汽轮B(200771),,,杭汽轮B(200771),浙江省杭州市石桥路357号,浙江省杭州市石桥路357号,,
