公司简称,全称,行业,销售额,利润(万元),利润率,市,区县,
宁波银行,宁波银行股份有限公司,银行业（IV）,1857479,835073,45.00%,宁波市,鄞州区,浙江省宁波市鄞州区宁南南路700号
海康威视,杭州海康威视数字技术股份有限公司,电子设备,2772974,668415,24.10%,杭州市,滨江区,浙江省杭州市滨江区阡陌路555号
浙能电力,浙江浙能电力股份有限公司,电力（IV）,3758368,477793,12.70%,杭州市,西湖区,浙江省杭州市天目山路152号浙能大厦2楼
杭州银行,杭州银行股份有限公司,金融服务业,1020784,421809,41.30%,杭州市,下城区,浙江省杭州市下城区庆春路46号
宁波港,宁波港股份有限公司,运输服务,1300244,306855,23.60%,宁波市,北仑区,浙江省宁波市北仑区明州路301号宁波港大厦
雅戈尔,雅戈尔集团股份有限公司,不动产投资开发,738285,297035,40.20%,宁波市,海曙区,浙江省宁波市海曙区鄞县大道西段2号
浙江龙盛,浙江龙盛集团股份有限公司,特种化工品,1121665,252777,22.50%,绍兴市,上虞区,浙江省绍兴市上虞区道墟镇
正泰电器,浙江正泰电器股份有限公司,电子电气组件与设备,1593659,232149,14.60%,温州市,乐清市,浙江省乐清市北白象镇正泰工业园区正泰路1号
物产中大,物产中大集团股份有限公司,综合供应商,19277951,199521,1.00%,杭州市,下城区,浙江省杭州市中大广场A座
华东医药,华东医药股份有限公司,药品零售,2145087,191756,8.90%,杭州市,拱墅区,浙江省杭州市莫干山路866号（祥符桥）
新湖中宝,新湖中宝股份有限公司,不动产投资开发,932488,185795,19.90%,杭州市,西湖区,浙江省杭州市西溪路128号新湖商务大厦11层
滨江集团,杭州滨江房产集团股份有限公司,不动产投资开发,649326,180983,27.90%,杭州市,江干区,浙江省杭州市庆春东路38号
小商品城,浙江中国小商品城集团股份有限公司,综合工业,893744,176081,19.70%,金华市,义乌市,浙江省义乌市福田路105号海洋商务写字楼
荣盛石化,荣盛石化股份有限公司,通用化工品,5236280,172634,3.30%,杭州市,萧山区,浙江省杭州市萧山区益农镇浙江荣盛控股集团大楼
恒逸石化,恒逸石化股份有限公司,通用化工品,4708993,163113,3.50%,杭州市,萧山区,浙江省杭州市萧山区市心北路260号恒逸?南岸明珠3栋24楼
浙数文化,浙报数字文化集团股份有限公司,出版业,116739,161330,138.20%,杭州市,下城区,浙江省杭州市体育场路178号浙报产业大厦
大华股份,浙江大华技术股份有限公司,电子设备,1172329,154708,13.20%,杭州市,滨江区,浙江省杭州市滨江区滨安路1199号
财通证券,财通证券股份有限公司,金融服务业,312370,145837,46.70%,杭州市,西湖区,浙江省杭州市杭大路15号嘉华国际商务中心201，501，502，1103，1601-1615，1701-1716
桐昆股份,桐昆集团股份有限公司,通用化工品,2330414,145701,6.30%,嘉兴市,桐乡市,浙江省桐乡市经济开发区光明路199号
华友钴业,浙江华友钴业股份有限公司,有色金属,614596,134450,21.90%,嘉兴市,桐乡市,浙江省桐乡经济开发区二期梧振东路18号
均胜电子,宁波均胜电子股份有限公司,汽车零配件（IV）,1941158,132652,6.80%,宁波市,高新区,浙江省宁波市高新区聚贤路1266号
新凤鸣,新凤鸣集团股份有限公司,通用化工品,1686507,119259,7.10%,嘉兴市,桐乡市,浙江省桐乡市洲泉工业区德胜路888号
杭钢股份,杭州钢铁股份有限公司,钢铁,2045431,116846,5.70%,杭州市,拱墅区,浙江省杭州市拱墅区半山路178号
三花智控,浙江三花智能控制股份有限公司,工业机械,718965,116483,16.20%,绍兴市,新昌县,浙江省新昌县七星街道下礼泉
合盛硅业,合盛硅业股份有限公司,通用化工品,492145,115550,23.50%,嘉兴市,平湖市,浙江省嘉兴市乍浦镇雅山西路530号
宋城演艺,宋城演艺发展股份有限公司,广播与娱乐,231433,113855,49.20%,杭州市,江干区,浙江省杭州市之江路148号
苏泊尔,浙江苏泊尔炊具股份有限公司,耐用消费品,1049664,107961,10.30%,杭州市,滨江区,浙江省杭州市高新技术产业区江晖路1772号苏泊尔大厦19楼
亿帆医药,亿帆医药股份有限公司,制药,306502,106434,34.70%,杭州市,临安市,浙江省临安市锦城街道琴山50号
老板电器,杭州老板电器股份有限公司,耐用消费品,498793,106104,21.30%,杭州市,余杭区,浙江省杭州余杭区余杭经济开发区临平大道592号
新和成,浙江新和成股份有限公司,制药,409217,105422,25.80%,绍兴市,新昌县,浙江省新昌县七星街道大道西路418号
浙商证券,浙商证券股份有限公司,金融服务业,328531,105215,32.00%,杭州市,西湖区,浙江省杭州市杭大路1号
巨化股份,浙江巨化股份有限公司,通用化工品,1002290,101364,10.10%,衢州市,柯城区,浙江省衢州市柯城区
卧龙电气,卧龙电气集团股份有限公司,工业机械,759623,88716,11.70%,绍兴市,上虞区,浙江省绍兴市上虞区人民西路1801号
万丰奥威,浙江万丰奥威汽轮股份有限公司,汽车零配件（IV）,731581,86362,11.80%,绍兴市,新昌县,浙江省新昌县城关镇新昌工业区（后溪）
世纪华通,浙江世纪华通集团股份有限公司,汽车零配件（IV）,246109,83578,34.00%,绍兴市,上虞市,浙江省上虞市经济开发区北一路
浙江东方,浙江东方集团股份有限公司,服装与服饰,681955,82502,12.10%,杭州市,上城区,浙江省杭州市西湖大道12号
嘉化能源,浙江嘉化能源化工股份有限公司,通用化工品,400878,82266,20.50%,嘉兴市,平湖市,浙江省嘉兴港区乍浦经济开发区滨海大道2288号
闰土股份,浙江闰土股份有限公司,特种化工品,449535,80274,17.90%,绍兴市,上虞市,浙江省上虞市市民大道1009号财富广场1号楼闰土大厦
卫星石化,浙江卫星石化股份有限公司,特种化工品,612485,76209,12.40%,嘉兴市,南湖区,浙江省嘉兴市嘉兴工业园区步焦路
康恩贝,浙江康恩贝制药股份有限公司,制药,378345,74349,19.70%,杭州市,滨江区,浙江省杭州市高新技术开发区滨江科技经济园滨康路568号
万向钱潮,万向钱潮股份有限公司,汽车零配件（IV）,804648,70403,8.70%,杭州市,萧山区,浙江省杭州市萧山经济技术开发区万向路
伟星新材,浙江伟星新型建材股份有限公司,建材与构件,257572,65078,25.30%,台州市,临海市,浙江省临海经济开发区
银亿股份,银亿房地产股份有限公司,不动产投资开发,480401,63131,13.10%,宁波市,江北区,浙江省宁波市江北区人民路132号银亿外滩大厦6楼
杭萧钢构,杭萧钢构股份有限公司,建材与构件,319043,62926,19.70%,杭州市,萧山区,浙江省杭州市萧山经济技术开发区红垦农场
海亮股份,浙江海亮股份有限公司,有色金属,2098774,60667,2.90%,绍兴市,诸暨市,浙江省诸暨市店口镇工业区
顾家家居,顾家家居股份有限公司,家具,484798,59994,12.40%,杭州市,江干区,浙江省杭州经济技术开发区11号大街113号
荣安地产,荣安地产股份有限公司,不动产投资开发,388978,59984,15.40%,宁波市,海曙区,浙江省宁波市海曙区灵桥路513号天封大厦11楼、15楼、16楼
上峰水泥,甘肃上峰水泥股份有限公司,建材与构件,293943,59285,20.20%,杭州市,西湖区,浙江省杭州市西湖区文二西路738号西溪乐谷创意产业园1幢E单元
万里扬,浙江万里扬股份有限公司,商用运载工具与车辆,376727,58590,15.60%,金华市,婺城区,浙江省金华市宾虹西路3999号
拓普集团,宁波拓普集团股份有限公司,汽车零配件（IV）,354037,58471,16.50%,宁波市,北仑区,浙江省宁波市北仑区黄山西路215号
兴源环境,兴源环境科技股份有限公司,综合公共事业,258381,56576,21.90%,杭州市,余杭区,浙江省杭州市余杭区杭州余杭经济技术开发区望梅路1588号
巨星科技,杭州巨星科技股份有限公司,耐用消费品,310217,56398,18.20%,杭州市,江干区,浙江省杭州市江干区九环路35号
同花顺,浙江核新同花顺网络信息股份有限公司,软件,98633,56285,57.10%,杭州市,余杭区,浙江省杭州市余杭区同顺街18号
华海药业,浙江华海药业股份有限公司,制药,351002,55681,15.90%,台州市,临海市,浙江省临海市汛桥
景兴纸业,浙江景兴纸业股份有限公司,造纸,391165,54889,14.00%,嘉兴市,平湖市,浙江省平湖市曹桥镇
东方日升,东方日升新能源股份有限公司,电子电气组件与设备,747612,53965,7.20%,宁波市,宁海县,浙江省宁波市宁海县梅林街道塔山工业园区
航民股份,浙江航民股份有限公司,服装与服饰,253224,53495,21.10%,杭州市,萧山区,浙江省杭州市萧山区瓜沥镇航民村
杉杉股份,宁波杉杉股份有限公司,电子电气组件与设备,664368,53125,8.00%,宁波市,鄞州区,浙江省宁波市望春工业园区云林中路218号
中金环境,南方中金环境股份有限公司,工业机械,257340,51670,20.10%,杭州市,余杭区,浙江省杭州余杭区仁和镇
三星医疗,宁波三星医疗电气股份有限公司,工业机械,346914,50026,14.40%,宁波市,鄞州区,浙江省宁波市鄞州工业园区（宁波市鄞州区姜山镇）
顺网科技,杭州顺网科技股份有限公司,计算机服务,119223,49191,41.30%,杭州市,西湖区,浙江省杭州市西湖区文一西路857号杭州智慧产业创业园A座
横店东磁,横店集团东磁股份有限公司,电子电气组件与设备,435671,47495,10.90%,金华市,东阳市,浙江省东阳市横店工业区
华数传媒,华数传媒控股股份有限公司,广播与娱乐,225244,46794,20.80%,杭州市,滨江区,浙江省杭州市滨江区长江路79号华数白马湖数字电视产业园B座
杭叉集团,杭叉集团股份有限公司,工业机械,516821,46444,9.00%,杭州市,临安市,浙江省临安经济开发区东环路88号
海兴电力,杭州海兴电力科技股份有限公司,电力（III）,206053,46271,22.50%,杭州市,拱墅区,浙江省杭州市莫干山路1418号（上城工业园区）
迪安诊断,浙江迪安诊断技术股份有限公司,医疗保健服务,367553,43295,11.80%,杭州市,西湖区,浙江省杭州市西湖科技园金蓬街329号
爱柯迪,爱柯迪股份有限公司,汽车与零配件（II）,156662,43288,27.60%,宁波市,江北区,浙江省宁波市江北区金山路588号
伟明环保,浙江伟明环保股份有限公司,废物处理与回收服务,72244,42753,59.20%,温州市,鹿城区,浙江省温州市市府路525号同人恒玖大厦16楼
福斯特,杭州福斯特应用材料股份有限公司,通用化工品,339922,42636,12.50%,杭州市,临安市,浙江省临安市锦北街道保锦路
百隆东方,百隆东方股份有限公司,服装与服饰,456503,40509,8.90%,宁波市,鄞州区,浙江省宁波市鄞州区甬江大道188号宁波财富中心8楼
杭锅股份,杭州锅炉集团股份有限公司,工业机械,270560,39154,14.50%,杭州市,江干区,浙江省杭州市江干区大农港路1216号
尖峰集团,浙江尖峰集团股份有限公司,建材与构件,196620,38575,19.60%,金华市,婺城区,浙江省金华市婺江东路88号
帝龙文化,浙江帝龙文化发展股份有限公司,造纸,197096,37913,19.20%,杭州市,临安市,浙江省临安市玲珑工业区环南路1958号
轻纺城,浙江中国轻纺城集团股份有限公司,商业辅助服务,64096,37605,58.70%,绍兴市,柯桥区,浙江省绍兴市柯桥区柯桥街道鉴湖路1号中轻大厦
吉华集团,浙江吉华集团股份有限公司,化工品（II）,191323,37219,19.50%,杭州市,萧山区,浙江省杭州市萧山区临江工业园新世纪大道1766号
横店影视,横店影视股份有限公司,广播与娱乐,193636,36901,19.10%,金华市,东阳市,浙江省东阳市横店镇横店影视产业实验区商务楼
伟星股份,浙江伟星实业发展股份有限公司,服装与服饰,185526,36728,19.80%,台州市,临海市,浙江省临海市花园工业区
阳光照明,浙江阳光照明电器集团股份有限公司,耐用消费品,368922,36665,9.90%,绍兴市,上虞区,浙江省绍兴市上虞区凤山路485号
亚厦股份,浙江亚厦装饰股份有限公司,建筑施工,623984,35912,5.80%,杭州市,西湖区,浙江省杭州市西湖区沙秀路99号亚厦中心A座
金龙机电,金龙机电股份有限公司,电子电气组件与设备,249432,35579,14.30%,温州市,乐清市,浙江省温州市乐清市北白象镇进港大道边金龙科技园
华策影视,浙江华策影视股份有限公司,广播与娱乐,249732,35496,14.20%,杭州市,西湖区,浙江省杭州市西湖区文二西路683号西溪创意产业园C-C座
海宁皮城,海宁中国皮革城股份有限公司,百货零售,124008,35312,28.50%,嘉兴市,海宁市,浙江省海宁市海州西路201号
聚光科技,聚光科技(杭州)股份有限公司,电子设备,166265,35168,21.20%,杭州市,滨江区,浙江省杭州市滨江区阡陌路459号
金圆股份,金圆水泥股份有限公司,建材与构件,282013,34669,12.30%,杭州市,滨江区,浙江省杭州市滨江区江虹路1750号润和信雅达创意中心1号楼22楼
尤夫股份,浙江尤夫高新纤维股份有限公司,通用化工品,371381,34636,9.30%,湖州市,南浔区,浙江省湖州市和孚镇工业园区
美盛文化,美盛文化创意股份有限公司,广播与娱乐,68430,34171,49.90%,绍兴市,新昌县,浙江省绍兴市新昌省级高新技术园区内（南岩）
海翔药业,浙江海翔药业股份有限公司,制药,172173,33928,19.70%,台州市,椒江区,浙江省台州市椒江区外沙支路100号
闻泰科技,闻泰科技股份有限公司,通讯设备,1255857,33286,2.70%,嘉兴市,南湖区,浙江省嘉兴市南湖区亚中路777号
华峰氨纶,浙江华峰氨纶股份有限公司,通用化工品,303437,32959,10.90%,温州市,瑞安市,浙江省瑞安经济开发区开发区大道1788号
台华新材,浙江台华新材料股份有限公司,服装与服饰,201813,32876,16.30%,嘉兴市,秀洲区,浙江省嘉兴市秀洲区王店镇工业园区
水晶光电,浙江水晶光电科技股份有限公司,电子电气组件与设备,151741,32359,21.30%,台州市,椒江区,浙江省台州市椒江区三甲街道开发大道东段2198号
富春环保,浙江富春江环保热电股份有限公司,电力（IV）,247615,31501,12.70%,杭州市,富阳市,浙江省富阳市灵桥镇春永路188号
永太科技,浙江永太科技股份有限公司,特种化工品,189104,31497,16.70%,台州市,临海市,浙江省化学原料药基地临海园区
金科文化,浙江金科文化产业股份有限公司,通用化工品,118579,31447,26.50%,杭州市,萧山区,浙江省杭州市萧山区钱江世纪城平澜路299号浙江商会大厦36层
银轮股份,浙江银轮机械股份有限公司,汽车零配件（IV）,309062,31368,10.10%,台州市,天台县,浙江省天台县福溪街道交通运输机械工业园区
恒生电子,恒生电子股份有限公司,软件,165058,31350,19.00%,杭州市,滨江区,浙江省杭州市滨江区江南大道3588号恒生大厦
江山化工,浙江江山化工股份有限公司,特种化工品,338989,31269,9.20%,衢州市,江山市,浙江省江山市景星东路38号
荣晟环保,浙江荣晟环保纸业股份有限公司,造纸,149026,31058,20.80%,嘉兴市,平湖市,浙江省平湖市经济开发区镇南东路588号
宁波韵升,宁波韵升股份有限公司,工业机械,135249,30966,22.90%,宁波市,江东区,浙江省宁波市国家高新区扬帆路1号
兔宝宝,德华兔宝宝装饰新材股份有限公司,建材与构件,295148,30962,10.50%,湖州市,德清县,浙江省德清县武康镇临溪街588号
杭州解百,杭州解百集团股份有限公司,百货零售,405122,30729,7.60%,杭州市,下城区,浙江省杭州市下城区环城北路208号坤和中心36-37楼
海正药业,浙江海正药业股份有限公司,制药,817631,30377,3.70%,台州市,椒江区,浙江省台州市椒江区外沙路46号
兄弟科技,兄弟科技股份有限公司,通用化工品,107895,30373,28.20%,嘉兴市,海宁市,浙江省海宁市海洲街道学林街1号
露笑科技,露笑科技股份有限公司,有色金属,234058,30015,12.80%,绍兴市,诸暨市,浙江省诸暨市店口镇露笑路38号
钱江水利,钱江水利开发股份有限公司,水务,72347,29954,41.40%,杭州市,西湖区,浙江省杭州市三台山路3号
泰格医药,杭州泰格医药科技股份有限公司,医疗保健服务,117495,29795,25.40%,杭州市,滨江区,浙江省杭州市滨江区江南大道618号东冠大厦15-16层
宁波富达,宁波富达股份有限公司,不动产投资开发,238630,29748,12.50%,宁波市,海曙区,浙江省宁波市海曙区解放南路208号建设大厦18-19楼
双林股份,宁波双林汽车部件股份有限公司,汽车零配件（IV）,298289,29677,9.90%,宁波市,宁海县,浙江省宁波市宁海县西店镇潢溪口
红蜻蜓,江红蜻蜓鞋业股份有限公司,鞋类,227836,29249,12.80%,温州市,永嘉县,浙江省温州市永嘉县瓯北镇东瓯工业区王家圩路
南都电源,浙江南都电源动力股份有限公司,电子电气组件与设备,635361,29054,4.60%,杭州市,西湖区,浙江省杭州市紫荆花路50号A座9楼
卧龙地产,卧龙地产集团股份有限公司,不动产投资开发,105682,28306,26.80%,绍兴市,上虞区,浙江省绍兴市上虞区经济开发区人民西路1801号
京新药业,浙江京新药业股份有限公司,制药,154596,27964,18.10%,绍兴市,新昌县,浙江省新昌县羽林街道新昌大道东路800号
永兴特钢,永兴特种不锈钢股份有限公司,钢铁,292295,27874,9.50%,湖州市,吴兴区,浙江省湖州市杨家埠
杰克股份,杰克缝纫机股份有限公司,工业机械,211539,27871,13.20%,台州市,椒江区,浙江省台州市椒江区机场南路15号
海利得,浙江海利得新材料股份有限公司,通用化工品,233203,27692,11.90%,嘉兴市,海宁市,浙江省海宁市马桥镇经编产业园区新民路18号
康盛股份,浙江康盛股份有限公司,工业机械,244823,27248,11.10%,杭州市,淳安县,浙江省杭州市淳安县千岛湖镇康盛路268号
浙江鼎力,浙江鼎力机械股份有限公司,工业机械,86588,26832,31.00%,湖州市,德清县,浙江省德清县雷甸镇白云南路1255号
继峰股份,宁波继峰汽车零部件股份有限公司,汽车零配件（IV）,131174,26392,20.10%,宁波市,北仑区,浙江省宁波市北仑区大?\璎珞河路17号
杭氧股份,杭州杭氧股份有限公司,工业机械,465023,26388,5.70%,杭州市,下城区,浙江省杭州市下城区中山北路592号弘元大厦
晶盛机电,浙江晶盛机电股份有限公司,工业机械,125747,26229,20.90%,杭州市,余杭区,浙江省杭州市余杭区五常街道创智天地中心2号楼10楼
宁波联合,宁波联合集团股份有限公司,综合供应商,459592,25635,5.60%,宁波市,北仑区,浙江省宁波开发区东海路1号联合大厦
博威合金,宁波博威合金材料股份有限公司,有色金属,421796,23867,5.70%,宁波市,鄞州区,浙江省宁波市鄞州区鄞州大道东段1777号博威大厦11楼
浙大网新,浙大网新科技股份有限公司,计算机服务,206527,23829,11.50%,杭州市,西湖区,浙江省杭州市西园一路18号浙大网新软件园A楼15层
安正时尚,安正时尚集团股份有限公司,服装与服饰,99604,23599,23.70%,嘉兴市,海宁市,浙江省海宁市海宁经济开发区谷水路298号
艾格拉斯,艾格拉斯股份有限公司,互联网,48777,23584,48.40%,金华市,婺城区,浙江省金华市婺城新区临江工业园区（白龙桥镇湖家）
联化科技,联化科技股份有限公司,特种化工品,290609,23297,8.00%,台州市,黄岩区,浙江省台州市黄岩区劳动北路总商会大厦17楼
通策医疗,通策医疗投资股份有限公司,医疗保健服务,87015,22839,26.20%,杭州市,西湖区,浙江省杭州市灵溪北路21号合生国贸中心5号楼10楼
传化智联,传化智联股份有限公司,特种化工品,1199543,22822,1.90%,杭州市,萧山区,浙江省杭州市萧山区民和路945号传化大厦16F
东睦股份,东睦新材料集团股份有限公司,有色金属,129745,22766,17.50%,宁波市,鄞州区,浙江省宁波市鄞州工业园区（姜山）景江路8号
新安股份,浙江新安化工集团股份有限公司,特种化工品,547600,22736,4.20%,杭州市,建德市,浙江省建德市江滨中路新安大厦1号
奥康国际,浙江奥康鞋业股份有限公司,鞋类,227299,22498,9.90%,温州市,永嘉县,浙江省永嘉县瓯北镇千石工业区奥康工业园
信质电机,信质电机股份有限公司,工业机械,171824,22443,13.10%,台州市,椒江区,浙江省台州市椒江区前所信质路28号
宁波建工,宁波建工股份有限公司,建筑施工,973245,22244,2.30%,宁波市,江东区,浙江省宁波市江东区宁穿路538号
天夏智慧,天夏智慧城市科技股份有限公司,软件与计算机服务,44889,21817,48.60%,杭州市,滨江区,浙江省杭州市滨江区六和路368号1幢北四楼A4068室
银都股份,银都餐饮设备股份有限公司,商业辅助服务,104049,21608,20.80%,杭州市,余杭区,浙江省杭州市余杭区星桥街道星星路1号
双环传动,浙江双环传动机械股份有限公司,工业机械,183995,21392,11.60%,杭州市,西湖区,浙江省杭州市西湖区古墩路702号赞宇大厦12楼
晋亿实业,晋亿实业股份有限公司,工业机械,211124,21304,10.10%,嘉兴市,嘉善县,浙江省嘉兴市嘉善经济开发区晋亿大道8号
喜临门,喜临门家具股份有限公司,家具,204742,21212,10.40%,绍兴市,越城区,浙江省绍兴市越城区灵芝镇二环北路1号
浙江美大,浙江美大实业股份有限公司,耐用消费品,65510,20878,31.90%,嘉兴市,海宁市,浙江省海宁市袁花镇谈桥81号(海宁市东西大道60KM)
新澳股份,浙江新澳纺织股份有限公司,服装与服饰,184013,20867,11.30%,嘉兴市,桐乡市,浙江省桐乡市崇福镇观庄桥
太平鸟,宁波太平鸟时尚服饰股份有限公司,服装与服饰,431280,20768,4.80%,宁波市,海曙区,浙江省宁波市海曙环城西路南段826号
浙江富润,浙江富润股份有限公司,服装与服饰,135694,20454,15.10%,绍兴市,诸暨市,浙江省诸暨市陶朱南路12号
美康生物,美康生物科技股份有限公司,制药,118863,20343,17.10%,宁波市,鄞州区,浙江省宁波市鄞州区启明南路299号
金卡智能,金卡智能集团股份有限公司,工业机械,96995,20301,20.90%,杭州市,江干区,浙江省杭州经济技术开发区金乔街158号
思美传媒,思美传媒股份有限公司,媒介代理,301633,20279,6.70%,杭州市,上城区,浙江省杭州市南复路59号
日月股份,日月重工股份有限公司,工业机械,133196,20231,15.20%,宁波市,鄞州区,浙江省宁波市鄞州区东吴镇北村村
广宇集团,广宇集团股份有限公司,不动产投资开发,256168,20160,7.90%,杭州市,上城区,浙江省杭州市平海路8号
浙江永强,浙江永强集团股份有限公司,家具,305039,20140,6.60%,台州市,临海市,浙江省临海市前江南路1号
贝达药业,贝达药业股份有限公司,制药,76828,20008,26.00%,杭州市,余杭区,浙江省杭州市余杭经济技术开发区红丰路589号
英特集团,浙江英特集团股份有限公司,药品零售,1393504,19812,1.40%,杭州市,滨江区,浙江省杭州市滨江区江南大道96号?中化大厦
恒林股份,浙江恒林椅业股份有限公司,家具,142554,19423,13.60%,湖州市,安吉县,浙江省安吉县递铺街道夹溪路378、380号
腾达建设,腾达建设集团股份有限公司,建筑施工,230045,19216,8.40%,台州市,路桥区,浙江省台州市路桥区路桥大道东1号
仙琚制药,浙江仙琚制药股份有限公司,制药,198879,18687,9.40%,台州市,仙居县,浙江省仙居县仙药路1号
宁波高发,宁波高发汽车控制系统股份有限公司,汽车,85974,18519,21.50%,宁波市,鄞州区,浙江省宁波市鄞州投资创业中心（下应北路717号）
旭升股份,宁波旭升汽车技术股份有限公司,汽车零配件（IV）,53789,18423,34.30%,宁波市,北仑区,浙江省宁波市北仑区沿山河北路68号
普洛药业,普洛药业股份有限公司,制药,397425,18334,4.60%,金华市,东阳市,浙江省东阳市横店江南路333号
理工环科,宁波理工环境能源科技股份有限公司,电子电气组件与设备,49518,17929,36.20%,宁波市,保税区,浙江省宁波市保税区曹娥江路22号
大丰实业,浙江大丰实业股份有限公司,电子设备,113093,17331,15.30%,宁波市,余姚市,浙江省余姚市阳明科技工业园区新建北路737号
我武生物,浙江我武生物科技股份有限公司,医药与生物科技,29362,17292,58.90%,湖州市,德清县,浙江省湖州市德清县武康镇志远北路636号
金字火腿,金字火腿股份有限公司,食品生产（IV）,29155,17283,59.30%,金华市,金东区,浙江省金华市工业园区金帆街1000号
亚太药业,浙江亚太药业股份有限公司,制药,82448,17136,20.80%,绍兴市,绍兴县,浙江省绍兴市云集路1152号
得邦照明,横店集团得邦照明股份有限公司,电子与电气设备,304390,16992,5.60%,金华市,东阳市,浙江省东阳市横店工业区
新界泵业,浙江新界泵业股份有限公司,工业机械,108962,16980,15.60%,台州市,温岭市,浙江省温岭市大溪镇大洋城工业区
华铁科技,浙江华铁建筑安全科技股份有限公司,建筑施工,50398,16963,33.70%,杭州市,江干区,浙江省杭州市江干区九盛路9号A05幢4层
莎普爱思,浙江莎普爱思药业股份有限公司,制药,70260,16952,24.10%,嘉兴市,平湖市,浙江省平湖市经济开发区新明路1588号
中亚股份,杭州中亚机械股份有限公司,工业机械,50375,16436,32.60%,杭州市,拱墅区,浙江省杭州市拱墅区方家埭路189号
浙江医药,浙江医药股份有限公司,制药,391830,16417,4.20%,绍兴市,上虞市,浙江省绍兴市滨海新城马欢路398号科创园A楼（综合楼）3层
兆丰股份,浙江兆丰机电股份有限公司,汽车零配件（IV）,46228,16198,35.00%,杭州市,萧山区,浙江省杭州市萧山经济技术开发区桥南区块兆丰路6号
浙商中拓,浙商中拓集团股份有限公司,综合供应商,3309676,16008,0.50%,杭州市,下城区,浙江省杭州市下城区文晖路303号浙江交通集团大厦
宁波海运,宁波海运股份有限公司,水上运输,117688,15910,13.50%,宁波市,江北区,浙江省宁波市北岸财富中心1幢
电魂网络,杭州电魂网络科技股份有限公司,互联网,36306,15895,43.80%,杭州市,滨江区,浙江省杭州市滨江区西兴街道滨安路435号
创新医疗,创新医疗管理股份有限公司,医疗保健服务,60637,15612,25.70%,绍兴市,诸暨市,浙江省诸暨市山下湖镇珍珠工业园
洁美科技,浙江洁美电子科技股份有限公司,电子电气组件与设备,69402,15308,22.10%,湖州市,安吉县,浙江省安吉经济开发区阳光工业园区
慈星股份,宁波慈星股份有限公司,工业机械,105740,15140,14.30%,宁波市,慈溪市,浙江省宁波杭州湾新区滨海四路708号
长城影视,长城影视股份有限公司,广播与娱乐,72655,15121,20.80%,杭州市,余杭区,浙江省杭州市文二西路西溪文化创意园长城影视证券部
鲍斯股份,宁波鲍斯能源装备股份有限公司,工业机械,78107,14949,19.10%,宁波市,奉化市,浙江省奉化市西坞街道尚桥路18号
浙江仙通,浙江仙通橡塑股份有限公司,汽车与零配件（II）,49559,14242,28.70%,台州市,仙居县,浙江省台州市仙居县现代工业集聚区
大元泵业,浙江大元泵业股份有限公司,专业零售,77188,14184,18.40%,台州市,温岭市,浙江省温岭市泽国镇丹崖工业区
三力士,三力士股份有限公司,工业机械,61923,14120,22.80%,绍兴市,绍兴县,浙江省绍兴县柯岩街道余渚村
天通股份,天通控股股份有限公司,电子电气组件与设备,156689,14014,8.90%,嘉兴市,海宁市,浙江省海宁经济开发区双联路129号
银江股份,银江股份有限公司,计算机服务,130056,13877,10.70%,杭州市,西湖区,浙江省杭州市西湖区西湖经济科技园西园八路2号
珀莱雅,珀莱雅化妆品股份有限公司,化工品（II）,121313,13873,11.40%,杭州市,西湖区,浙江省杭州市西湖区世贸丽晶城欧美中心1号楼（D区）1605室
亿利达,浙江亿利达风机股份有限公司,工业机械,96290,13845,14.40%,台州市,路桥区,浙江省台州市路桥区横街镇亿利达路
起步股份,起步股份有限公司,服装与服饰,89702,13791,15.40%,丽水市,青田县,浙江省青田县油竹新区侨乡工业园区赤岩3号
古越龙山,浙江古越龙山绍兴酒股份有限公司,酿酒业,118674,13736,11.60%,绍兴市,越城区,浙江省绍兴市北海桥
永贵电器,浙江永贵电器股份有限公司,电子电气组件与设备,84903,13638,16.10%,台州市,天台县,浙江省天台县白鹤镇东园路5号（西工业区）
九洲药业,浙江九洲药业股份有限公司,制药,123429,13612,11.00%,台州市,椒江区,浙江省台州市椒江区外沙工业区
会稽山,会稽山绍兴酒股份有限公司,酿酒业,75902,13611,17.90%,绍兴市,柯桥区,浙江省绍兴市柯桥区湖塘街道杨绍路2579号
永高股份,永高股份有限公司,通用化工品,321646,13574,4.20%,台州市,黄岩区,浙江省台州市黄岩区黄椒路555号永高双浦新厂区
杭电股份,杭州电缆股份有限公司,电子电气组件与设备,296173,13249,4.50%,杭州市,江干区,浙江省杭州经济技术开发区6号大街68-1
诺力股份,诺力智能装备股份有限公司,汽车,152301,13012,8.50%,湖州市,长兴县,浙江省长兴县太湖街道长州路528号
唐德影视,浙江唐德影视股份有限公司,广播与娱乐,52881,12754,24.10%,金华市,东阳市,浙江省横店影视产业实验区C3-028
宁波热电,宁波热电股份有限公司,综合公共事业,128622,12578,9.80%,宁波市,江东区,浙江省宁波市江东区昌乐路187号发展大厦B座7F
天宇股份,浙江天宇药业股份有限公司,制药,88297,12330,14.00%,台州市,黄岩区,浙江省台州市黄岩江口化工开发区
炬华科技,杭州炬华科技股份有限公司,电子电气组件与设备,70821,12262,17.30%,杭州市,余杭区,浙江省杭州市余杭区仓前街道龙潭路9号
爱仕达,浙江爱仕达电器股份有限公司,耐用消费品,214684,12258,5.70%,台州市,温岭市,浙江省温岭市经济开发区科技路2号
金洲管道,浙江金洲管道科技股份有限公司,工业机械,266830,12141,4.50%,湖州市,吴兴区,浙江省湖州市吴兴区八里店区府南路388号
花园生物,浙江花园生物高科股份有限公司,食品生产（IV）,31017,11967,38.60%,金华市,东阳市,浙江省东阳市南马镇花园村
哈尔斯,浙江哈尔斯真空器皿股份有限公司,耐用消费品,98192,11895,12.10%,金华市,永康市,浙江省永康经济开发区哈尔斯路1号
万安科技,浙江万安科技股份有限公司,汽车零配件（IV）,165366,11582,7.00%,绍兴市,诸暨市,浙江省诸暨市店口镇工业区中央路188号
万盛股份,浙江万盛股份有限公司,特种化工品,111267,11452,10.30%,台州市,临海市,浙江省临海市城关两水开发区
嘉欣丝绸,浙江嘉欣丝绸股份有限公司,服装与服饰,207785,11281,5.40%,嘉兴市,秀洲区,浙江省嘉兴市中环西路588号
华媒控股,浙江华媒控股股份有限公司,出版业,120483,11139,9.20%,杭州市,下城区,浙江省杭州市下城区体育场路218号
长盛轴承,浙江长盛滑动轴承股份有限公司,工业机械,41863,11066,26.40%,嘉兴市,嘉善县,浙江省嘉善县惠民街道鑫达路6号
士兰微,杭州士兰微电子股份有限公司,半导体,201578,10814,5.40%,杭州市,西湖区,浙江省杭州市黄姑山路4号
永艺股份,永艺家具股份有限公司,家具,130403,10797,8.30%,湖州市,安吉县,浙江省湖州市安吉县递铺镇永艺西路1号
朗迪集团,浙江朗迪集团股份有限公司,通用化工品,94817,10792,11.40%,宁波市,余姚市,浙江省宁波市余姚市姚北工业新区
东音股份,浙江东音泵业股份有限公司,工业机械,62541,10767,17.20%,台州市,温岭市,浙江省温岭市大溪镇大石一级公路南侧
远方信息,杭州远方光电信息股份有限公司,工业机械,36556,10727,29.30%,杭州市,滨江区,浙江省杭州市滨江区滨康路669号1号楼
浙富控股,浙富控股集团股份有限公司,电子电气组件与设备,80844,10695,13.20%,杭州市,余杭区,浙江省杭州市余杭区绿汀路21号浙富控股大厦
思创医惠,思创医惠科技股份有限公司,电子设备,73700,10686,14.50%,杭州市,拱墅区,浙江省杭州市莫干山路1418-48号
百合花,百合花集团股份有限公司,通用化工品,108708,10642,9.80%,杭州市,萧山区,浙江省杭州市萧山区临江工业园区农一场
三江购物,三江购物俱乐部股份有限公司,百货零售,286362,10641,3.70%,宁波市,海曙区,浙江省宁波市海曙区环城西路北段197号
南洋科技,浙江南洋科技股份有限公司,电子电气组件与设备,104206,10515,10.10%,台州市,开发区,浙江省台州市开发区开发大道388号
铁流股份,浙江铁流离合器股份有限公司,汽车与零配件（II）,62049,10382,16.70%,杭州市,余杭区,浙江省余杭区余杭经济开发区东湖北路958号
友邦吊顶,浙江友邦集成吊顶股份有限公司,建材与构件,45348,10263,22.60%,嘉兴市,海盐县,浙江省嘉兴市海盐县百步工业区北A区
意华股份,温州意华接插件股份有限公司,通讯设备,87789,10140,11.60%,温州市,乐清市,浙江省乐清市翁??镇后西工业区
皇马科技,浙江皇马科技股份有限公司,化工品（II）,120206,10097,8.40%,绍兴市,上虞区,浙江省绍兴市上虞区章镇工业新区
晨丰科技,浙江晨丰科技股份有限公司,电子电气组件与设备,58120,10062,17.30%,嘉兴市,海宁市,浙江省海宁市盐官镇杏花路4号
健盛集团,浙江健盛集团股份有限公司,服装与服饰,76090,9929,13.00%,杭州市,萧山区,浙江省杭州市萧山经济开发区金一路111号
欧派股份,江山欧派门业股份有限公司,家具,68486,9816,14.30%,衢州市,江山市,浙江省江山市贺村镇淤头村淤达山自然村8号
浙江东日,浙江东日股份有限公司,商业辅助服务,24447,9808,40.10%,温州市,鹿城区,浙江省温州市矮凳桥92号
东尼电子,浙江东尼电子股份有限公司,计算机硬件,41833,9787,23.40%,湖州市,吴兴区,浙江省湖州市吴兴区织里镇中华东路88号
亚太股份,浙江亚太机电股份有限公司,汽车零配件（IV）,276733,9762,3.50%,杭州市,萧山区,浙江省杭州市萧山区蜀山街道亚太路1399号
久立特材,浙江久立特材科技股份有限公司,钢铁,199601,9737,4.90%,湖州市,南浔区,浙江省湖州市双林镇镇西
春风动力,浙江春风动力股份有限公司,商用运载工具与车辆,132071,9457,7.20%,杭州市,余杭区,浙江省杭州余杭区余杭经济技术开发区五洲路116号
光启技术,光启技术股份有限公司,汽车零配件（IV）,25350,9230,36.40%,杭州市,桐庐县,浙江省杭州市桐庐县富春江镇机械工业区、广东省深圳市南山区高新中一道9号软件大厦三层
广博股份,广博集团股份有限公司,造纸,165935,9112,5.50%,宁波市,海曙区,宁波市海曙区石?\街道车何
五洲新春,浙江五洲新春集团股份有限公司,工业机械,84452,9054,10.70%,绍兴市,新昌县,浙江省新昌县七星街道泰坦大道199号
微光股份,杭州微光电子股份有限公司,耐用消费品,42028,9036,21.50%,杭州市,余杭区,浙江省杭州市余杭经济开发区兴中路365号
金海环境,浙江金海环境技术股份有限公司,电子电气组件与设备,40446,9034,22.30%,绍兴市,诸暨市,浙江省诸暨市应店街镇工业区
围海股份,浙江省围海建设集团股份有限公司,建筑施工,166582,9013,5.40%,宁波市,高新区,浙江省宁波市高新区广贤路1009号
恒锋工具,恒锋工具股份有限公司,工业机械,23113,8977,38.80%,嘉兴市,海盐县,浙江省嘉兴市海盐县武原镇新桥北路239号
奇精机械,奇精机械股份有限公司,电子与电气设备,91221,8968,9.80%,宁波市,宁海县,浙江省宁海县跃龙街道气象北路289号
东南网架,浙江东南网架股份有限公司,建筑施工,537343,8912,1.70%,杭州市,萧山区,浙江省杭州市萧山区衙前镇
华统股份,浙江华统肉制品股份有限公司,农业与渔业,328984,8847,2.70%,金华市,义乌市,浙江省义乌市义亭镇姑塘工业小区
中新科技,中新科技集团股份有限公司,计算机硬件,412378,8816,2.10%,台州市,椒江区,浙江省台州市椒江区工人西路618-2号
新光药业,浙江新光药业股份有限公司,制药,22278,8703,39.10%,绍兴市,嵊州市,浙江省嵊州市剡湖街道环城西路25号
天马股份,天马轴承集团股份有限公司,工业机械,189113,8695,4.60%,杭州市,拱墅区,浙江省杭州市拱墅区石祥路202号
方正电机,浙江方正电机股份有限公司,工业机械,87852,8589,9.80%,丽水市,莲都区,浙江省丽水市天宁工业区24号
开山股份,浙江开山压缩机股份有限公司,工业机械,165869,8525,5.10%,衢州市,衢江区,浙江省衢州市经济开发区凯旋西路9号
明牌珠宝,浙江明牌珠宝股份有限公司,服装与服饰,305059,8513,2.80%,绍兴市,柯桥区,浙江省绍兴市柯桥区群贤路与镜水路交叉口
新坐标,杭州新坐标科技股份有限公司,工业金属,18903,8476,44.80%,杭州市,余杭区,浙江省杭州余杭区仓前街道龙潭路18号1-5幢
司太立,浙江司太立制药股份有限公司,制药,55161,8427,15.30%,台州市,仙居县,浙江省仙居县现代工业集聚区司太立大道1号
道明光学,浙江道明光学股份有限公司,特种化工品,53365,8421,15.80%,金华市,永康市,浙江省永康市经济开发区东吴路581号
创业软件,创业软件股份有限公司,计算机服务,75924,8225,10.80%,杭州市,拱墅区,浙江省杭州市文三路199号创业大厦三楼
双箭股份,浙江双箭橡胶股份有限公司,运输服务,82663,8158,9.90%,嘉兴市,桐乡市,浙江省桐乡市洲泉镇晚村
祥源文化,浙江祥源文化股份有限公司,广播与娱乐,57822,8140,14.10%,杭州市,拱墅区,浙江省杭州市密渡桥路1号白马大厦12楼
星星科技,浙江星星瑞金科技股份有限公司,电子电气组件与设备,421312,8059,1.90%,台州市,椒江区,浙江省台州市椒江区洪家星星电子产业基地4号楼
宏达高科,宏达高科控股股份有限公司,服装与服饰,46113,8058,17.50%,嘉兴市,海宁市,浙江省海宁市许村镇建设路118号
康强电子,宁波康强电子股份有限公司,半导体,93696,7971,8.50%,宁波市,鄞州区,浙江省宁波市鄞州投资创业中心金源路988号
百大集团,百大集团股份有限公司,百货零售,67269,7934,11.80%,杭州市,江干区,浙江省杭州市庆春东路1-1号西子联合大厦18楼
宁波东力,宁波东力股份有限公司,工业机械,557532,7902,1.40%,宁波市,江北区,浙江省宁波市江北区银海路1号
东方通信,东方通信股份有限公司,通讯设备,159626,7774,4.90%,杭州市,滨江区,浙江省杭州市滨江高新技术开发区东信大道66号
东方通信,东方通信股份有限公司,通讯设备,159626,7774,4.90%,杭州市,滨江区,浙江省杭州市滨江高新技术开发区东信大道66号
平治信息,杭州平治信息技术股份有限公司,互联网,65627,7729,11.80%,杭州市,西湖区,浙江省杭州市西湖区文三路90号东部软件园科技大厦A401室
康隆达,浙江康隆达特种防护科技股份有限公司,耐用消费品,57272,7658,13.40%,绍兴市,上虞区,浙江省杭州湾上虞经济技术开发区纬五东路7号
数源科技,数源科技股份有限公司,通讯设备,150359,7601,5.10%,杭州市,西湖区,浙江省杭州市西湖区教工路一号
海天精工,宁波海天精工股份有限公司,工业机械,92272,7532,8.20%,宁波市,北仑区,浙江省宁波市北仑区黄山西路235号
天龙股份,宁波天龙电子股份有限公司,工业品与服务,62250,7497,12.00%,宁波市,慈溪市,浙江省宁波杭州湾新区八塘路116号3号楼
联络互动,杭州联络互动信息科技股份有限公司,软件,781760,7464,1.00%,杭州市,滨江区,浙江省杭州市滨江区物联网街451号芯图大厦18层
香飘飘,香飘飘食品股份有限公司,软饮料,134033,7459,5.60%,湖州市,吴兴区,浙江省湖州经济技术开发区创业大道888号
华正新材,浙江华正新材料股份有限公司,通讯设备,110927,7429,6.70%,杭州市,余杭区,浙江省杭州市余杭区余杭镇华一路2号
香溢融通,香溢融通控股集团股份有限公司,不动产投资开发,70118,7388,10.50%,宁波市,海曙区,浙江省宁波市西河街158号
星帅尔,杭州星帅尔电器股份有限公司,耐用消费品,25012,7375,29.50%,杭州市,富阳区,浙江省杭州市富阳区受降镇祝家村交界岭99号（2、3、4、5幢）
京华激光,浙江京华激光科技股份有限公司,造纸,40271,7333,18.20%,绍兴市,越城区,浙江省绍兴市城东经济技术开发区
万马股份,浙江万马股份有限公司,电子电气组件与设备,518316,7323,1.40%,杭州市,临安市,浙江省临安经济开发区南环路88号
华鼎股份,义乌华鼎锦纶股份有限公司,通用化工品,200104,7255,3.60%,金华市,义乌市,浙江省义乌市北苑工业区雪峰西路751号
泰瑞机器,泰瑞机器股份有限公司,电子与电气设备,50943,7209,14.20%,杭州市,江干区,浙江省杭州市杭州经济技术开发区下沙街道文泽北路245号
佩蒂股份,佩蒂动物营养科技股份有限公司,农业与渔业,42321,7181,17.00%,温州市,平阳县,浙江省平阳县水头镇工业园区宠乐路2号
梅轮电梯,浙江梅轮电梯股份有限公司,电子电气组件与设备,55461,7077,12.80%,绍兴市,绍兴县,浙江省绍兴市柯北工业园区梅中路576号
正裕工业,浙江正裕工业股份有限公司,汽车与零配件（II）,62950,7028,11.20%,台州市,玉环县,浙江省玉环县珠港镇三合潭工业区双港路
德宏股份,浙江德宏汽车电子电器股份有限公司,电子电气组件与设备,36626,6940,18.90%,湖州市,吴兴区,浙江省湖州市南太湖大道1888号
巴士在线,巴士在线股份有限公司,电子电气组件与设备,53640,6918,12.90%,嘉兴市,嘉善县,浙江省嘉善县经济开发区东升路36号
中恒电气,杭州中恒电气股份有限公司,工业机械,54850,6819,12.40%,杭州市,高新区,浙江省杭州市高新区之江科技工业园东信大道69号
栋梁新材,浙江栋梁新材股份有限公司,铝业,990450,6676,0.70%,湖州市,吴兴区,浙江省湖州市织里镇栋梁路
赞宇科技,浙江赞宇科技股份有限公司,特种化工品,528279,6630,1.30%,杭州市,西湖区,浙江省杭州市西湖区古墩路702号
牧高笛,牧高笛户外用品股份有限公司,服装与服饰,41872,6523,15.60%,衢州市,柯城区,浙江省衢州市世纪大道895号1幢
博创科技,博创科技股份有限公司,通讯设备,25846,6470,25.00%,嘉兴市,南湖区,浙江省嘉兴市凌公塘路1号207室
永创智能,杭州永创智能设备股份有限公司,工业机械,95481,6445,6.70%,杭州市,西湖区,浙江省杭州市西湖区三墩镇西园九路1号
金石资源,金石资源集团股份有限公司,采矿业,23916,6418,26.80%,杭州市,西湖区,浙江省杭州市西湖区求是路8号公元大厦南楼2301室
星光农机,星光农机股份有限公司,综合工业,55447,6403,11.50%,湖州市,南浔区,浙江省湖州市和孚镇星光大街1688号
圣龙股份,宁波圣龙汽车动力系统股份有限公司,汽车与零配件（II）,108789,6354,5.80%,宁波市,鄞州区,浙江省宁波市鄞州区工业园区金达路788号
元成股份,浙江元成园林集团股份有限公司,林业,50937,6351,12.50%,杭州市,江干区,浙江省杭州市庆春东路2-6号第15层
浙江众成,浙江众成包装材料股份有限公司,特种化工品,46395,6332,13.60%,嘉兴市,嘉善县,浙江省嘉善县惠民街道泰山路1号
中马传动,浙江中马传动股份有限公司,汽车与零配件（II）,63922,6264,9.80%,台州市,温岭市,浙江省温岭市石塘镇上马工业区经一路1号
乐惠国际,宁波乐惠国际工程装备股份有限公司,酿酒业,63843,6260,9.80%,宁波市,象山县,浙江省宁波市象山县西周镇象西机电工业园
雷迪克,杭州雷迪克节能科技股份有限公司,汽车零配件（IV）,34569,6204,17.90%,杭州市,萧山区,浙江省杭州萧山经济技术开发区桥南区块春潮路89号
浙江震元,浙江震元股份有限公司,药品零售,188323,6183,3.30%,绍兴市,越城区,浙江省绍兴市解放北路289号
弘讯科技,宁波弘讯科技股份有限公司,电子电气组件与设备,55466,6044,10.90%,宁波市,北仑区,浙江省宁波市北仑区大港五路88号
戴维医疗,宁波戴维医疗器械股份有限公司,医疗设备,21263,6026,28.30%,宁波市,象山县,浙江省宁波市象山县石浦科技园区科苑路2号
华仪电气,华仪电气股份有限公司,电子电气组件与设备,122319,6005,4.90%,温州市,乐清市,浙江省乐清经济开发区中心大道228号
日发精机,浙江日发精密机械股份有限公司,工业机械,74962,5914,7.90%,绍兴市,新昌县,浙江省新昌县七星街道日发数码科技园
乔治白,浙江乔治白服饰股份有限公司,服装与服饰,54535,5895,10.80%,温州市,平阳县,浙江省平阳县昆阳镇平瑞公路588号及昆阳镇乔治白休闲服饰生产基地
百达精工,浙江百达精工股份有限公司,汽车零配件（IV）,52069,5867,11.30%,台州市,椒江区,浙江省台州市经中路908弄28号
圣达生物,浙江圣达生物药业股份有限公司,食品生产（III）,36961,5843,15.80%,台州市,天台县,浙江省天台县赤城街道人民东路789号
天铁股份,浙江天铁实业股份有限公司,通用化工品,20410,5710,28.00%,台州市,天台县,浙江省天台县人民东路928号
菲达环保,浙江菲达环保科技股份有限公司,工业机械,280216,5689,2.00%,绍兴市,诸暨市,浙江省诸暨市望云路88号
天成自控,浙江天成自控股份有限公司,汽车零配件（IV）,50549,5648,11.20%,台州市,天台县,浙江省台州市天台县西工业区
钱江摩托,浙江钱江摩托股份有限公司,汽车,185975,5609,3.00%,台州市,温岭市,浙江省温岭市经济开发区
盾安环境,浙江盾安人工环境股份有限公司,工业机械,587441,5543,0.90%,杭州市,滨江区,浙江省杭州市滨江区滨安路1190号智汇领地科技园B座
扬帆新材,浙江扬帆新材料股份有限公司,通用化工品,32368,5523,17.10%,杭州市,滨江区,浙江省杭州市滨江区信诚路31号扬帆大厦五楼
济民制药,浙江济民制药股份有限公司,医疗设备,45054,5458,12.10%,台州市,黄岩区,浙江省台州市黄岩区北院路888号
合力科技,宁波合力模具科技股份有限公司,汽车零配件（IV）,34823,5355,15.40%,宁波市,象山县,浙江省象山工业园区西谷路358号
华瑞股份,华瑞电器股份有限公司,电子电气组件与设备,60057,5288,8.80%,宁波市,鄞州区,浙江省宁波市鄞州区姜山镇科技园区
激智科技,宁波激智科技股份有限公司,电子电气组件与设备,49918,5254,10.50%,宁波市,江东区,浙江省宁波高新区晶源路9号
东方材料,新东方新材料股份有限公司,通用化工品,31241,5204,16.70%,台州市,黄岩区,台州市黄岩区东城街道劳动北路118号8楼
诚意药业,浙江诚意药业股份有限公司,制药,22678,5176,22.80%,温州市,洞头区,浙江省温州市洞头区化工路118号
永和智控,永和流体智控股份有限公司,工业机械,40754,5154,12.60%,台州市,玉环县,浙江省玉环县清港镇工业产业集聚区
诚邦股份,浙江诚邦园林股份有限公司,建筑施工,51963,5127,9.90%,杭州市,江干区,浙江省杭州市之江路599号
中大力德,宁波中大力德智能传动股份有限公司,工业机械,36157,5058,14.00%,宁波市,慈溪市,浙江省慈溪市新兴产业集群区宗汉街道新兴一路185号
棒杰股份,浙江棒杰数码针织品股份有限公司,服装与服饰,31676,5047,15.90%,金华市,义乌市,浙江省义乌市苏溪镇镇南小区
寿仙谷,浙江寿仙谷医药股份有限公司,医药与生物科技,23355,5035,21.60%,金华市,武义县,浙江省武义县壶山街道商城路10号
三星新材,浙江三星新材股份有限公司,通用化工品,22282,4736,21.30%,湖州市,德清县,浙江省德清县禹越镇杭海路333号
君禾股份,君禾泵业股份有限公司,电子电气组件与设备,42997,4617,10.70%,宁波市,海曙区,浙江省宁波市海曙区集士港镇万众村
田中精机,浙江田中精机股份有限公司,工业机械,36722,4608,12.50%,嘉兴市,嘉善县,浙江省嘉善县姚庄镇新景路398号
初灵信息,杭州初灵信息技术股份有限公司,通讯设备,24582,4596,18.70%,杭州市,滨江区,浙江省杭州市滨江区浦沿街道伟业路1号5幢
万隆光电,杭州万隆光电设备股份有限公司,通讯设备,33575,4580,13.60%,杭州市,萧山区,浙江省杭州市萧山区瓜沥友谊村
电光科技,电光防爆科技股份有限公司,工业机械,50683,4576,9.00%,温州市,乐清市,浙江省乐清经济开发区纬五路180号
浙江世宝,浙江世宝股份有限公司,汽车零配件（IV）,78282,4566,5.80%,金华市,义乌市,浙江省义乌市佛堂镇双林路1号
华星创业,杭州华星创业通信技术股份有限公司,移动通信服务,93842,4548,4.80%,杭州市,滨江区,浙江省杭州市滨江区聚才路500号
众合科技,浙江众合科技股份有限公司,工业机械,102146,4519,4.40%,杭州市,滨江区,浙江省杭州市滨江区江汉路1785号双城国际4号楼17层
乐歌股份,乐歌人体工学科技股份有限公司,家具,53189,4470,8.40%,宁波市,鄞州区,浙江省宁波市鄞州经济开发区启航南路588号（鄞州区瞻岐镇）
华通医药,浙江华通医药股份有限公司,药品零售,101215,4426,4.40%,绍兴市,柯桥区,浙江省绍兴市柯桥区轻纺城大道1605号
美诺华,宁波美诺华药业股份有限公司,医药与生物科技,42935,4358,10.10%,宁波市,高新区,浙江省宁波市高新区扬帆路999弄1号1406室
钱江生化,浙江钱江生物化学股份有限公司,特种化工品,34414,4345,12.60%,嘉兴市,海宁市,浙江省海宁市海洲街道钱江西路178号钱江大厦
江丰电子,宁波江丰电子材料股份有限公司,电子设备,38922,4338,11.10%,宁波市,余姚市,浙江省余姚市经济开发区名邦科技工业园区安山路
创源文化,宁波创源文化发展股份有限公司,造纸,50629,4294,8.50%,宁波市,北仑区,浙江省宁波市北仑区庐山西路45号
迪贝电气,浙江迪贝电气股份有限公司,电子电气组件与设备,49230,4233,8.60%,绍兴市,嵊州市,浙江省嵊州市三江街道迪贝路66号
东方电缆,宁波东方电缆股份有限公司,电子电气组件与设备,159908,4202,2.60%,宁波市,北仑区,浙江省宁波市北仑区江南东路968号
迦南科技,浙江迦南科技股份有限公司,工业机械,27912,4197,15.00%,温州市,永嘉县,浙江省永嘉县瓯北镇东瓯工业园区
中欣氟材,浙江中欣氟材股份有限公司,特种化工品,26904,4178,15.50%,绍兴市,上虞市,浙江省绍兴市杭州湾上虞经济技术开发区
金盾股份,浙江金盾风机股份有限公司,工业机械,23658,4120,17.40%,绍兴市,上虞区,浙江省绍兴市上虞区章镇镇工业园区
航天通信,航天通信控股集团股份有限公司,服装与服饰,884278,4107,0.50%,杭州市,上城区,浙江省杭州市解放路138号航天通信大厦一号楼
今飞凯达,浙江今飞凯达轮毂股份有限公司,汽车零配件（IV）,171331,4051,2.40%,金华市,金东区,浙江省金华市工业园区仙华南街800号
中泰股份,杭州中泰深冷技术股份有限公司,工业机械,30691,4029,13.10%,杭州市,富阳市,浙江省富阳市东洲街道高尔夫路228号
三维股份,浙江三维橡胶制品股份有限公司,通用化工品,66033,3820,5.80%,台州市,三门县,浙江省台州市三门县海游街道下坑村
镇海股份,镇海石化工程股份有限公司,采油设备与服务,15260,3741,24.50%,宁波市,高新区,浙江省宁波市高新区星海南路36号
宋都股份,宋都基业投资股份有限公司,不动产投资开发,97077,3716,3.80%,杭州市,江干区,浙江省杭州市富春路789号宋都大厦五楼
中威电子,杭州中威电子股份有限公司,通讯设备,24146,3713,15.40%,杭州市,滨江区,浙江省杭州市滨江区西兴路1819号
诺邦股份,杭州诺邦无纺股份有限公司,服装服饰零售,37560,3691,9.80%,杭州市,余杭区,浙江省杭州市余杭经济技术开发区宏达路16号
美力科技,浙江美力科技股份有限公司,工业机械,27507,3660,13.30%,绍兴市,新昌县,浙江省新昌县新昌大道西路1365号
沪宁股份,杭州沪宁电梯部件股份有限公司,商用运载工具与车辆,19486,3613,18.50%,杭州市,余杭区,浙江省杭州市余杭区中泰街道水塔村
奥翔药业,浙江奥翔药业股份有限公司,医药与生物科技,13970,3591,25.70%,台州市,临海市,浙江省临海市化学原料药基地临海园区东海第四大道5号
润禾材料,宁波润禾高新材料科技股份有限公司,特种化工品,32252,3571,11.10%,宁波市,宁海县,浙江省宁海县胡陈乡开发区
凯恩股份,浙江凯恩特种材料股份有限公司,造纸,71999,3548,4.90%,丽水市,遂昌县,浙江省遂昌县妙高镇凯恩路1008号
宁波中百,宁波中百股份有限公司,百货零售,69084,3511,5.10%,宁波市,海曙区,浙江省宁波市海曙区和义路77号汇金大厦21层
万马科技,万马科技股份有限公司,通讯设备,28416,3471,12.20%,杭州市,临安市,浙江省杭州市临安市太湖源镇青云村
维科精华,宁波维科精华集团股份有限公司,电子电气组件与设备,112806,3319,2.90%,宁波市,海曙区,浙江省宁波市柳汀街225号月湖金贸大厦20楼
纵横通信,杭州纵横通信股份有限公司,软件与计算机服务,34040,3285,9.60%,杭州市,西湖区,浙江省杭州市西湖区文三路90号11层A1105-A1108室
中坚科技,浙江中坚科技股份有限公司,工业机械,34427,3276,9.50%,金华市,永康市,浙江省永康市经济开发区名园南大道10号
金鹰股份,浙江金鹰股份有限公司,服装与服饰,85085,3228,3.80%,舟山市,定海区,浙江省舟山市定海区小沙镇
海伦钢琴,海伦钢琴股份有限公司,娱乐用品,33428,3116,9.30%,宁波市,北仑区,浙江省宁波市北仑区龙潭山路36号
嘉澳环保,浙江嘉澳环保科技股份有限公司,化工品（II）,62522,3097,5.00%,嘉兴市,桐乡市,浙江省桐乡经济开发区
万通智控,万通智控科技股份有限公司,汽车零配件（IV）,23267,3053,13.10%,杭州市,余杭区,浙江省杭州市余杭区杭州余杭经济技术开发区振兴东路12号
横河模具,宁波横河模具股份有限公司,特种化工品,34868,2987,8.60%,宁波市,慈溪市,浙江省慈溪市新兴产业集群区宗汉街道新兴大道588号
盛洋科技,浙江盛洋科技股份有限公司,电子电气组件与设备,64438,2977,4.60%,绍兴市,越城区,浙江省绍兴市越城区人民东路1417号
精功科技,浙江精功科技股份有限公司,工业机械,55595,2817,5.10%,绍兴市,绍兴县,浙江省绍兴柯桥经济开发区柯西工业区鉴湖路1809号
生意宝,浙江网盛生意宝股份有限公司,互联网,26374,2812,10.70%,杭州市,拱墅区,浙江省杭州市莫干山路187号易盛大厦12F
威星智能,浙江威星智能仪表股份有限公司,燃气供应,31887,2742,8.60%,杭州市,拱墅区,浙江省杭州市拱墅区莫干山路1418-41号6号楼
汉鼎宇佑,汉鼎宇佑互联网股份有限公司,计算机服务,32579,2706,8.30%,杭州市,下城区,浙江省杭州市下城区永福桥路5号汉鼎国际大厦12楼、15楼
金利华电,浙江金利华电气股份有限公司,电子电气组件与设备,21777,2655,12.20%,金华市,金东区,浙江省金华市金东经济开发区（傅村镇）
佐力药业,浙江佐力药业股份有限公司,制药,59897,2647,4.40%,湖州市,德清县,浙江省湖州市德清县武康镇志远路
长川科技,杭州长川科技股份有限公司,工业机械,9873,2562,25.90%,杭州市,滨江区,浙江省杭州市滨江区江淑路799号3幢第一、第二全楼层和第三、四、五层A单元
跃岭股份,浙江跃岭股份有限公司,汽车零配件（IV）,56258,2535,4.50%,台州市,温岭市,浙江省温岭市泽国镇现代大道北侧
德创环保,浙江德创环保科技股份有限公司,废物处理与回收服务,56813,2435,4.30%,绍兴市,越城区,浙江省绍兴市袍江新区三江路以南
和仁科技,浙江和仁科技股份有限公司,软件,17511,2381,13.60%,杭州市,滨江区,浙江省杭州市滨江区西兴街道新联路625号
先锋电子,杭州先锋电子技术股份有限公司,工业机械,21847,2374,10.90%,杭州市,滨江区,浙江省杭州市滨江区滨安路1186-1号
莱茵体育,莱茵达体育发展股份有限公司,不动产投资开发,122821,2197,1.80%,杭州市,拱墅区,浙江省杭州市文三路535号莱茵达大厦20楼
集智股份,杭州集智机电股份有限公司,工业机械,8184,2094,25.60%,杭州市,余杭区,浙江省杭州市余杭区良渚街道七贤路1-1号
杭州园林,杭州园林设计院股份有限公司,建筑施工,9488,2080,21.90%,杭州市,西湖区,浙江省杭州市西湖区杨公堤32号
金固股份,浙江金固股份有限公司,商用运载工具与车辆,207376,2058,1.00%,杭州市,富阳市,浙江省富阳市富春街道公园西路1181号
三维通信,三维通信股份有限公司,通讯设备,72739,1978,2.70%,杭州市,滨江区,浙江省杭州市滨江区火炬大道581号
宁波精达,宁波精达成形装备股份有限公司,工业机械,22742,1959,8.60%,宁波市,江北区,浙江省宁波市江北投资创业园C区长阳路191号
杭州高新,杭州高新橡塑材料股份有限公司,特种化工品,44255,1909,4.30%,杭州市,余杭区,浙江省杭州市余杭区径山镇龙皇路10号
美都能源,美都能源股份有限公司,不动产投资开发,498637,1864,0.40%,杭州市,拱墅区,浙江省杭州市密渡桥路70号美都恒升名楼4楼
杭齿前进,杭州前进齿轮箱集团股份有限公司,工业机械,117528,1662,1.40%,杭州市,萧山区,浙江省杭州市萧山区萧金路45号
民丰特纸,民丰特种纸股份有限公司,造纸,119918,1467,1.20%,嘉兴市,秀洲区,浙江省嘉兴市?f里街70号
英飞特,英飞特电子(杭州)股份有限公司,电子电气组件与设备,52945,1362,2.60%,杭州市,滨江区,浙江省杭州市滨江区长河街道江虹路459号A座
大立科技,浙江大立科技股份有限公司,电子设备,22899,1214,5.30%,杭州市,滨江区,浙江省杭州市高新技术开发区（滨江）滨康路639号
美欣达,浙江美欣达印染集团股份有限公司,服装与服饰,56361,1035,1.80%,湖州市,吴兴区,浙江省湖州市美欣达路588号
向日葵,浙江向日葵光能科技股份有限公司,电子电气组件与设备,96633,1008,1.00%,绍兴市,越城区,浙江省绍兴袍江工业区三江路
信雅达,信雅达系统工程股份有限公司,软件,82886,468,0.60%,杭州市,滨江区,浙江省杭州市滨江区江南大道3888号
温州宏丰,温州宏丰电工合金股份有限公司,电子电气组件与设备,72517,196,0.30%,温州市,龙湾区,浙江省温州瓯江口产业集聚区瓯锦大道5600号
开尔新材,浙江开尔新材料股份有限公司,建材与构件,23147,140,0.60%,杭州市,滨江区,浙江省杭州市滨江区长河街道江虹路1750号润和信雅达国际创意中心A座30层
正元智慧,浙江正元智慧科技股份有限公司,软件与计算机服务,22895,77,0.30%,杭州市,西湖区,浙江省杭州市文一西路998号海创园18号楼8层
申科股份,申科滑动轴承股份有限公司,工业机械,10868,-113,-1.00%,绍兴市,诸暨市,浙江省诸暨市陶朱街道望云路132号
浙江广厦,浙江广厦股份有限公司,不动产投资开发,19806,-322,-1.60%,杭州市,西湖区,浙江省杭州市西湖区莫干山路231号锐明大厦15层
先锋新材,宁波先锋新材料股份有限公司,通用化工品,51435,-374,-0.70%,宁波市,鄞州区,浙江省宁波市鄞州区集士港镇山下庄村
报喜鸟,报喜鸟控股股份有限公司,服装与服饰,168440,-450,-0.30%,温州市,永嘉县,浙江省永嘉县瓯北镇报喜鸟工业区
东晶电子,浙江东晶电子股份有限公司,电子电气组件与设备,16815,-915,-5.40%,金华市,婺城区,浙江省金华市宾虹西路555号
宝鼎科技,宝鼎科技股份有限公司,工业机械,17385,-1107,-6.40%,杭州市,余杭区,浙江省杭州余杭区塘栖镇工业园区内
天目药业,杭州天目山药业股份有限公司,制药,8449,-1220,-14.40%,杭州市,余杭区,浙江省杭州市文二西路738号西溪乐谷3号楼
*ST圣莱,宁波圣莱达电器股份有限公司,消费电子产品,8257,-1727,-20.90%,宁波市,江北区,浙江省宁波市江北区金山路298号
宁波富邦,宁波富邦精业集团股份有限公司,铝业,59047,-2031,-3.40%,宁波市,鄞州区,浙江省宁波市鄞州区天童北路702号工业城办公大楼三楼
步森股份,浙江步森服饰股份有限公司,服装与服饰,26086,-2185,-8.40%,绍兴市,诸暨市,浙江省诸暨市枫桥镇步森大道419号
大东南,浙江大东南股份有限公司,特种化工品,77525,-2406,-3.10%,绍兴市,诸暨市,浙江省诸暨市陶朱街道千禧路5号
三变科技,三变科技股份有限公司,电子电气组件与设备,37239,-5669,-15.20%,台州市,三门县,浙江省三门县海游镇西区大道369号
中捷资源,中捷资源投资股份有限公司,工业机械,68363,-6197,-9.10%,台州市,玉环县,浙江省玉环县大麦屿街道兴港东路198号
波导股份,宁波波导股份有限公司,通讯设备,121968,-7986,-6.50%,宁波市,奉化市,浙江省奉化市大成东路999号
海越股份,浙江海越股份有限公司,石油勘探与开采,749420,-8854,-1.20%,绍兴市,诸暨市,浙江省诸暨市西施大街59号
贝因美,贝因美婴童食品股份有限公司,食品生产（IV）,200701,-35767,-17.80%,杭州市,滨江区,浙江省杭州市滨江区南环路3758号
,,杭汽轮B(200771),{d1},{d2},,杭州市,江干区,
